model,layer_idx,layer_type,short_desc,n_leaves,n_ops,n_keys,e_mod,e_leaf,e_ratio,t_mod,t_leaf,t_ratio,g_mod,g_leaf,g_ratio
yolo26n,0,Conv,"Conv[3->16,k3,s2]@8x3x640x640",1,0,1,0.15933905778607074,0.15933905778607074,1.0,0.0005807287041785186,0.0005807287041785186,1.0,0.0005785628800000002,0.0005785628800000002,1.0
yolo26n,1,Conv,"Conv[16->32,k3,s2]@8x16x320x320",1,0,1,0.10580471812442553,0.10580471812442553,1.0,0.00035692318210869605,0.00035692318210869605,1.0,0.0003561361799999998,0.0003561361799999998,1.0
yolo26n,2,C3k2,"C3k2[32->16,p=6520]@8x32x160x160",4,3,7,0.4245759512089797,0.3929523065648074,0.9255171081778797,0.0014533417674299247,0.0014058738307113521,0.9673387651945665,0.0014497356599999993,0.0013883574,0.9576624472353813
yolo26n,3,Conv,"Conv[64->64,k3,s2]@8x64x160x160",1,0,1,0.10227002743503848,0.10227002743503848,1.0,0.0003443232943164632,0.0003443232943164632,1.0,0.0003230125,0.0003230125,1.0
yolo26n,4,C3k2,"C3k2[64->32,p=25840]@8x64x80x80",4,3,7,0.20054924800943674,0.19247263532207234,0.95972753442095,0.0007379628746462445,0.0007136776308431314,0.9670915101050922,0.0007342483200000007,0.0006995893800000004,0.9527967050711122
yolo26n,5,Conv,"Conv[128->128,k3,s2]@8x128x80x80",1,0,1,0.07365772011516897,0.07365772011516897,1.0,0.00024750014986391647,0.00024750014986391647,1.0,0.00024409045999999984,0.00024409045999999984,1.0
yolo26n,6,C3k2,"C3k2[128->32,p=86528]@8x128x40x40",9,5,9,0.10980574098873429,0.10934478769545188,0.995802102065595,0.0004729632769243967,0.0005202989791597885,1.1000832507403284,0.0003791014799999994,0.00035003270000000014,0.9233219031484675
yolo26n,7,Conv,"Conv[128->256,k3,s2]@8x128x40x40",1,0,1,0.027789328408862286,0.027789328408862286,1.0,9.7299713541113e-05,9.7299713541113e-05,1.0,9.556843999999993e-05,9.556843999999993e-05,1.0
yolo26n,8,C3k2,"C3k2[256->64,p=345088]@8x256x20x20",9,5,9,0.08969718309849956,0.08291891017146845,0.9244315964795945,0.000477072931775802,0.00043507652102096325,0.9119706695609073,0.0002834818400000017,0.00026605476000000005,0.9385248804650006
yolo26n,9,SPPF,"SPPF[256->256,p=164224]@8x256x20x20",5,2,5,0.04991779503504404,0.050406614730319994,1.0097924937376097,0.000166836953425841,0.00019464319254894544,1.1666671474881871,0.00016139135999999988,0.00016578916000000007,1.0272492901726598
yolo26n,10,C2PSA,"C2PSA[256->128,p=248320]@8x256x20x20",5,4,7,0.10053826929051143,0.09486121836431541,0.9435334329279944,0.0005166115493162665,0.0004707348011334179,0.9111968204281026,0.0002723686399999999,0.0002542221199999994,0.93337514920954
yolo26n,11,Upsample,"Upsample[x2.0,nearest]@8x256x20x20",1,0,1,0.009735856037882884,0.009735856037882884,1.0,3.5591674537919e-05,3.5591674537919e-05,1.0,3.547432e-05,3.547432e-05,1.0
yolo26n,12,Concat,Concat[d=1]@8x256x40x40+8x128x40x40,1,0,1,0.017477188799346663,0.017477188799346663,1.0,7.27365336598815e-05,7.27365336598815e-05,1.0,7.239357999999998e-05,7.239357999999998e-05,1.0
yolo26n,13,C3k2,"C3k2[384->32,p=119296]@8x384x40x40",9,5,9,0.12500314405557086,0.11749905915903401,0.9399688307583618,0.0004722986415755458,0.0005469474198685436,1.1580541880111621,0.0004024571800000008,0.00037604730000000017,0.9343784101453959
yolo26n,14,Upsample,"Upsample[x2.0,nearest]@8x128x40x40",1,0,1,0.018106955080891225,0.018106955080891225,1.0,6.527763459467496e-05,6.527763459467496e-05,1.0,6.582030000000005e-05,6.582030000000005e-05,1.0
yolo26n,15,Concat,Concat[d=1]@8x128x80x80+8x128x80x80,1,0,1,0.045785135597864554,0.045785135597864554,1.0,0.000190502783547639,0.000190502783547639,1.0,0.00018975448,0.00018975448,1.0
yolo26n,16,C3k2,"C3k2[256->16,p=34048]@8x256x80x80",9,5,9,0.2445134665503075,0.2294229268924696,0.9382834006210734,0.00086963713220883,0.0008488920740787453,0.9761451559946694,0.0008592450399999987,0.0008074455399999996,0.9397151015268018
yolo26n,17,Conv,"Conv[64->64,k3,s2]@8x64x80x80",1,0,1,0.031020479921097646,0.031020479921097646,1.0,0.00010405041636969241,0.00010405041636969241,1.0,9.910890000000001e-05,9.910890000000001e-05,1.0
yolo26n,18,Concat,Concat[d=1]@8x64x40x40+8x128x40x40,1,0,1,0.008782295380382521,0.008782295380382521,1.0,3.79420589136533e-05,3.79420589136533e-05,1.0,3.759474e-05,3.759474e-05,1.0
yolo26n,19,C3k2,"C3k2[192->32,p=94720]@8x192x40x40",9,5,8,0.11631735333069827,0.11205618684456249,0.9633660295379917,0.00047260553397284935,0.0005272434104037602,1.1156098955753018,0.00038524348000000194,0.0003566695200000002,0.9258288290823206
yolo26n,20,Conv,"Conv[128->128,k3,s2]@8x128x40x40",1,0,1,0.020766988538919014,0.020766988538919014,1.0,9.02991229882579e-05,9.02991229882579e-05,1.0,8.87926400000001e-05,8.87926400000001e-05,1.0
yolo26n,21,Concat,Concat[d=1]@8x128x20x20+8x256x20x20,1,0,1,0.004129944936162974,0.004129944936162974,1.0,1.7885874584512886e-05,1.7885874584512886e-05,1.0,1.7414399999999997e-05,1.7414399999999997e-05,1.0
yolo26n,22,C3k2,"C3k2[384->128,p=461504]@8x384x20x20",7,5,9,0.1394761717212283,0.12466164209059535,0.8937845120939881,0.0006538371769355572,0.0005963058079903315,0.9120096394413253,0.0003860511199999982,0.0003668948999999996,0.9503790586075784
yolo26n,23,Detect,"Detect[nc=80,e2e]@8x64x80x80+8x128x40x40+8x256x20x20",1,0,1,0.5176269872075784,0.5176269872075784,1.0,0.0019402660201251298,0.0019402660201251298,1.0,0.0019086700799999955,0.0019086700799999955,1.0
yolo26n,-1,TOTAL,yolo26n,84,42,66,2.7426870066587026,2.648888971204789,0.9658006782304395,0.010474495001541326,0.010441020831089047,0.9968042210677123,0.009425718019999996,0.009143496679999995,0.9700583722745398
yolo26s,0,Conv,"Conv[3->32,k3,s2]@8x3x640x640",1,0,1,0.31032022471991966,0.31032022471991966,1.0,0.001041521194623105,0.001041521194623105,1.0,0.0010380775800000008,0.0010380775800000008,1.0
yolo26s,1,Conv,"Conv[32->64,k3,s2]@8x32x320x320",1,0,1,0.25446762099618314,0.25446762099618314,1.0,0.0008510323958731706,0.0008510323958731706,1.0,0.0008257333800000004,0.0008257333800000004,1.0
yolo26s,2,C3k2,"C3k2[64->32,p=25840]@8x64x160x160",4,3,7,0.8640759420308514,0.7828664775618196,0.9060158250926835,0.0028994000476339587,0.002811367406649241,0.969637635532028,0.0028956158800000015,0.0027888682000000004,0.9631347235186454
yolo26s,3,Conv,"Conv[128->128,k3,s2]@8x128x160x160",1,0,1,0.28389024158235693,0.28389024158235693,1.0,0.0009509240444880691,0.0009509240444880691,1.0,0.0009351074199999996,0.0009351074199999996,1.0
yolo26s,4,C3k2,"C3k2[128->64,p=102880]@8x128x80x80",4,3,7,0.43785274273998126,0.40455337631870836,0.923948480457395,0.0014686117986319315,0.0014199067102646122,0.9668359682165907,0.001463569699999997,0.00140476464,0.959820799788355
yolo26s,5,Conv,"Conv[256->256,k3,s2]@8x256x80x80",1,0,1,0.20383856749321147,0.20383856749321147,1.0,0.000687652481488945,0.000687652481488945,1.0,0.0006866094200000002,0.0006866094200000002,1.0
yolo26s,6,C3k2,"C3k2[256->64,p=345088]@8x256x40x40",9,5,9,0.25551188237179157,0.24222215948292955,0.9479878479016317,0.0008550774115622604,0.0008675650992287727,1.0146041603925624,0.0008419555800000002,0.000814819440000001,0.967770104926439
yolo26s,7,Conv,"Conv[256->512,k3,s2]@8x256x40x40",1,0,1,0.08828163992876958,0.08828163992876958,1.0,0.00029730995141956964,0.00029730995141956964,1.0,0.00029289497999999996,0.00029289497999999996,1.0
yolo26s,8,C3k2,"C3k2[512->128,p=1378304]@8x512x20x20",9,5,9,0.16752742568863555,0.1621448494233823,0.9678704770688876,0.0005607499343521195,0.0006432501993504311,1.147124876784214,0.00053451084,0.0005142137199999996,0.9620267383164758
yolo26s,9,SPPF,"SPPF[512->512,p=656128]@8x512x20x20",5,2,5,0.11926706586888212,0.1170129462791698,0.9811002343916936,0.00039924682495360843,0.0004119468920632446,1.031810064140427,0.0003828242000000002,0.00038345295999999996,1.001642424904172
yolo26s,10,C2PSA,"C2PSA[512->256,p=988160]@8x512x20x20",5,4,7,0.20716230147776413,0.20754185094668143,1.0018321357998528,0.0006972776212609887,0.0007125921420761308,1.0219633046410506,0.0006841751400000009,0.0006834632200000006,0.9989594477226981
yolo26s,11,Upsample,"Upsample[x2.0,nearest]@8x512x20x20",1,0,1,0.018859577725695242,0.018859577725695242,1.0,6.700967209784956e-05,6.700967209784956e-05,1.0,6.787904e-05,6.787904e-05,1.0
yolo26s,12,Concat,Concat[d=1]@8x512x40x40+8x256x40x40,1,0,1,0.03360359175287592,0.03360359175287592,1.0,0.00014309788483860748,0.00014309788483860748,1.0,0.00014261231999999996,0.00014261231999999996,1.0
yolo26s,13,C3k2,"C3k2[768->64,p=476160]@8x768x40x40",9,5,9,0.2737261005683287,0.2616158194946346,0.9557576677980291,0.0009191384476222349,0.000933626759502251,1.015762926594461,0.0008985686600000003,0.000874078940000001,0.9727458556144177
yolo26s,14,Upsample,"Upsample[x2.0,nearest]@8x256x40x40",1,0,1,0.03538888321240333,0.03538888321240333,1.0,0.00012782955725102645,0.00012782955725102645,1.0,0.00012886684000000003,0.00012886684000000003,1.0
yolo26s,15,Concat,Concat[d=1]@8x256x80x80+8x256x80x80,1,0,1,0.09118706889928882,0.09118706889928882,1.0,0.0003793481933621508,0.0003793481933621508,1.0,0.0003788759400000001,0.0003788759400000001,1.0
yolo26s,16,C3k2,"C3k2[512->32,p=135680]@8x512x80x80",9,5,9,0.5696763692060589,0.513820497797996,0.9019515738630556,0.0019169379723387083,0.0018332374333994586,0.9563363342230979,0.001902578899999997,0.0017933152600000007,0.9425707706524041
yolo26s,17,Conv,"Conv[128->128,k3,s2]@8x128x80x80",1,0,1,0.07365772011516897,0.07365772011516897,1.0,0.00024750014986391647,0.00024750014986391647,1.0,0.00024409045999999984,0.00024409045999999984,1.0
yolo26s,18,Concat,Concat[d=1]@8x128x40x40+8x256x40x40,1,0,1,0.01727552228772245,0.01727552228772245,1.0,7.314201412200092e-05,7.314201412200092e-05,1.0,7.264897999999999e-05,7.264897999999999e-05,1.0
yolo26s,19,C3k2,"C3k2[384->64,p=377856]@8x384x40x40",9,5,8,0.25868410114386026,0.24681848068535178,0.9541308476012226,0.0008696228895461555,0.0008809047371912715,1.0129732643663552,0.0008519887600000018,0.0008267393800000009,0.9703641864946659
yolo26s,20,Conv,"Conv[256->256,k3,s2]@8x256x40x40",1,0,1,0.05140828321488781,0.05140828321488781,1.0,0.0001711565705842174,0.0001711565705842174,1.0,0.00016876310000000003,0.00016876310000000003,1.0
yolo26s,21,Concat,Concat[d=1]@8x256x20x20+8x512x20x20,1,0,1,0.008809117853762625,0.008809117853762625,1.0,3.8207797550727455e-05,3.8207797550727455e-05,1.0,3.771716000000001e-05,3.771716000000001e-05,1.0
yolo26s,22,C3k2,"C3k2[768->256,p=1840512]@8x768x20x20",7,5,9,0.2883330113971374,0.2785678401524143,0.9661323162498623,0.0009655340864134728,0.0009894734423917082,1.024793900407141,0.0009426565200000005,0.0009469669799999999,1.0045726729816704
yolo26s,23,Detect,"Detect[nc=80,e2e]@8x128x80x80+8x256x40x40+8x512x20x20",1,0,1,0.8249971164946875,0.8249971164946875,1.0,0.002887717305307707,0.002887717305307707,1.0,0.002864305779999998,0.002864305779999998,1.0
yolo26s,-1,TOTAL,yolo26s,84,42,66,5.737802118770225,5.513149474420021,0.9608469166938867,0.0195150462471865,0.019467320034988186,0.9975543889779305,0.01928262658,0.018914865140000004,0.9809278347804837
yolo26m,0,Conv,"Conv[3->64,k3,s2]@8x3x640x640",1,0,1,0.6006780546637689,0.6006780546637689,1.0,0.0020099169188373726,0.0020099169188373726,1.0,0.0020057793799999994,0.0020057793799999994,1.0
yolo26m,1,Conv,"Conv[64->128,k3,s2]@8x64x320x320",1,0,1,0.6972376283825167,0.6972376283825167,1.0,0.002336161365918641,0.002336161365918641,1.0,0.0023328354,0.0023328354,1.0
yolo26m,2,C3k2,"C3k2[128->32,p=111232]@8x128x160x160",9,5,9,2.3376420722043307,2.1309813062322123,0.9115943503800634,0.007841142792155267,0.007484026104134483,0.95445604072176,0.00781735026,0.007413643139999999,0.9483575499916258
yolo26m,3,Conv,"Conv[256->256,k3,s2]@8x256x160x160",1,0,1,0.6567836411579093,0.6567836411579093,1.0,0.0021970947268980055,0.0021970947268980055,1.0,0.0021889759999999987,0.0021889759999999987,1.0
yolo26m,4,C3k2,"C3k2[256->64,p=443648]@8x256x80x80",9,5,9,1.301277972028389,1.1969262292942036,0.91980826158801,0.004372292882079011,0.004177688732467568,0.9554915110080847,0.004358127879999996,0.004146239479999999,0.9513808667771362
yolo26m,5,Conv,"Conv[512->512,k3,s2]@8x512x80x80",1,0,1,0.5275026624046999,0.5275026624046999,1.0,0.0017727278715166843,0.0017727278715166843,1.0,0.0017601760200000002,0.0017601760200000002,1.0
yolo26m,6,C3k2,"C3k2[512->128,p=1378304]@8x512x40x40",9,5,9,0.6333679966059322,0.5944105005948738,0.9384915306428137,0.0021214124909483515,0.0020502627271826554,0.9664611365921159,0.00209853862,0.0019969067800000013,0.9515701836356966
yolo26m,7,Conv,"Conv[512->512,k3,s2]@8x512x40x40",1,0,1,0.1713457342978528,0.1713457342978528,1.0,0.0005742520494293518,0.0005742520494293518,1.0,0.0005554738400000003,0.0005554738400000003,1.0
yolo26m,8,C3k2,"C3k2[512->128,p=1378304]@8x512x20x20",9,5,9,0.16752742568863555,0.1621448494233823,0.9678704770688876,0.0005607499343521195,0.0006432501993504311,1.147124876784214,0.00053451084,0.0005142137199999996,0.9620267383164758
yolo26m,9,SPPF,"SPPF[512->512,p=656128]@8x512x20x20",5,2,5,0.11926706586888212,0.1170129462791698,0.9811002343916936,0.00039924682495360843,0.0004119468920632446,1.031810064140427,0.0003828242000000002,0.00038345295999999996,1.001642424904172
yolo26m,10,C2PSA,"C2PSA[512->256,p=988160]@8x512x20x20",5,4,7,0.20716230147776413,0.20754185094668143,1.0018321357998528,0.0006972776212609887,0.0007125921420761308,1.0219633046410506,0.0006841751400000009,0.0006834632200000006,0.9989594477226981
yolo26m,11,Upsample,"Upsample[x2.0,nearest]@8x512x20x20",1,0,1,0.018859577725695242,0.018859577725695242,1.0,6.700967209784956e-05,6.700967209784956e-05,1.0,6.787904e-05,6.787904e-05,1.0
yolo26m,12,Concat,Concat[d=1]@8x512x40x40+8x512x40x40,1,0,1,0.0450565219044581,0.0450565219044581,1.0,0.00019070996241035384,0.00019070996241035384,1.0,0.00018999239999999997,0.00018999239999999997,1.0
yolo26m,13,C3k2,"C3k2[1024->128,p=1640448]@8x1024x40x40",9,5,9,0.6737316742134849,0.635957757543279,0.943933292561459,0.0022611292239227984,0.002190843955177623,0.9689158549623985,0.0022221955199999916,0.002118612980000001,0.9533872969017636
yolo26m,14,Upsample,"Upsample[x2.0,nearest]@8x512x40x40",1,0,1,0.07051246326912354,0.07051246326912354,1.0,0.00025354011260046277,0.00025354011260046277,1.0,0.00025633688000000003,0.00025633688000000003,1.0
yolo26m,15,Concat,Concat[d=1]@8x512x80x80+8x512x80x80,1,0,1,0.18185290107535984,0.18185290107535984,1.0,0.0007581050207065536,0.0007581050207065536,1.0,0.0007575879399999999,0.0007575879399999999,1.0
yolo26m,16,C3k2,"C3k2[1024->64,p=541696]@8x1024x80x80",9,5,9,1.2506809045297018,1.1474861854696394,0.9174891703500766,0.004189709522816005,0.003993867901920142,0.9532565157967722,0.004157935639999999,0.0039493643,0.9498377661276164
yolo26m,17,Conv,"Conv[256->256,k3,s2]@8x256x80x80",1,0,1,0.20383856749321147,0.20383856749321147,1.0,0.000687652481488945,0.000687652481488945,1.0,0.0006866094200000002,0.0006866094200000002,1.0
yolo26m,18,Concat,Concat[d=1]@8x256x40x40+8x512x40x40,1,0,1,0.034169620833917023,0.034169620833917023,1.0,0.00014356583372243114,0.00014356583372243114,1.0,0.00014300243999999993,0.00014300243999999993,1.0
yolo26m,19,C3k2,"C3k2[768->128,p=1509376]@8x768x40x40",9,5,8,0.6558787346226679,0.6134463233105205,0.935304486832373,0.002194323418220024,0.0021213669962832473,0.9667522019174563,0.0021532976399999994,0.0020551353400000013,0.9544130369269349
yolo26m,20,Conv,"Conv[512->512,k3,s2]@8x512x40x40",1,0,1,0.1713457342978528,0.1713457342978528,1.0,0.0005742520494293518,0.0005742520494293518,1.0,0.0005554738400000003,0.0005554738400000003,1.0
yolo26m,21,Concat,Concat[d=1]@8x512x20x20+8x512x20x20,1,0,1,0.011755933243008025,0.011755933243008025,1.0,4.954275475379714e-05,4.954275475379714e-05,1.0,4.918458e-05,4.918458e-05,1.0
yolo26m,22,C3k2,"C3k2[1024->256,p=1971584]@8x1024x20x20",7,5,10,0.29548159144930863,0.28533878713345084,0.9656736507133716,0.0009885432695644013,0.0010137326609963022,1.0254813240931786,0.0009638480999999997,0.0009673646400000001,1.0036484379644472
yolo26m,23,Detect,"Detect[nc=80,e2e]@8x256x80x80+8x512x40x40+8x512x20x20",1,0,1,1.5751119324152674,1.5751119324152674,1.0,0.005269565199597206,0.005269565199597206,1.0,0.005251262700000004,0.005251262700000004,1.0
yolo26m,-1,TOTAL,yolo26m,94,46,64,12.608068711853738,12.057297709392055,0.9563159897801108,0.04250992399967958,0.04168367433105883,0.9805633698938869,0.04217337371999999,0.04102896644,0.9728642226349259
yolo26l,0,Conv,"Conv[3->64,k3,s2]@8x3x640x640",1,0,1,0.6006780546637689,0.6006780546637689,1.0,0.0020099169188373726,0.0020099169188373726,1.0,0.0020057793799999994,0.0020057793799999994,1.0
yolo26l,1,Conv,"Conv[64->128,k3,s2]@8x64x320x320",1,0,1,0.6972376283825167,0.6972376283825167,1.0,0.002336161365918641,0.002336161365918641,1.0,0.0023328354,0.0023328354,1.0
yolo26l,2,C3k2,"C3k2[128->32,p=172928]@8x128x160x160",16,8,9,3.4872974238993133,3.2189625524272687,0.9230536318373422,0.011693254287683991,0.011364961534979668,0.9719246033116632,0.011618969920000022,0.011226116680000002,0.9661886343879941
yolo26l,3,Conv,"Conv[256->256,k3,s2]@8x256x160x160",1,0,1,0.6567836411579093,0.6567836411579093,1.0,0.0021970947268980055,0.0021970947268980055,1.0,0.0021889759999999987,0.0021889759999999987,1.0
yolo26l,4,C3k2,"C3k2[256->64,p=689920]@8x256x80x80",16,8,9,1.9706137566063455,1.8340181467392977,0.9306837225665757,0.006608736578118864,0.00642974077950458,0.9729152771488988,0.006572698319999995,0.006370925519999999,0.9693013751466389
yolo26l,5,Conv,"Conv[512->512,k3,s2]@8x512x80x80",1,0,1,0.5275026624046999,0.5275026624046999,1.0,0.0017727278715166843,0.0017727278715166843,1.0,0.0017601760200000002,0.0017601760200000002,1.0
yolo26l,6,C3k2,"C3k2[512->128,p=2231296]@8x512x40x40",16,8,9,0.9922902796283543,0.951630887268626,0.9590246995315156,0.0033262139471488374,0.0032789439950948567,0.9857886615818866,0.0032882294999999973,0.0031999623400000023,0.9731566303386078
yolo26l,7,Conv,"Conv[512->512,k3,s2]@8x512x40x40",1,0,1,0.1713457342978528,0.1713457342978528,1.0,0.0005742520494293518,0.0005742520494293518,1.0,0.0005554738400000003,0.0005554738400000003,1.0
yolo26l,8,C3k2,"C3k2[512->128,p=2231296]@8x512x20x20",16,8,9,0.25980076761831794,0.254975755781556,0.9814280308676743,0.0008686879924020813,0.001046588847400159,1.20479257979168,0.0008231399199999973,0.0008075683199999995,0.9810826815445935
yolo26l,9,SPPF,"SPPF[512->512,p=656128]@8x512x20x20",5,2,5,0.11926706586888212,0.1170129462791698,0.9811002343916936,0.00039924682495360843,0.0004119468920632446,1.031810064140427,0.0003828242000000002,0.00038345295999999996,1.001642424904172
yolo26l,10,C2PSA,"C2PSA[512->256,p=1451008]@8x512x20x20",8,6,7,0.3446525854100701,0.3470706142222059,1.007015844112293,0.0011547312401888664,0.0011871397463617572,1.0280658434144296,0.001135484360000001,0.0011481924200000008,1.0111917525662792
yolo26l,11,Upsample,"Upsample[x2.0,nearest]@8x512x20x20",1,0,1,0.018859577725695242,0.018859577725695242,1.0,6.700967209784956e-05,6.700967209784956e-05,1.0,6.787904e-05,6.787904e-05,1.0
yolo26l,12,Concat,Concat[d=1]@8x512x40x40+8x512x40x40,1,0,1,0.0450565219044581,0.0450565219044581,1.0,0.00019070996241035384,0.00019070996241035384,1.0,0.00018999239999999997,0.00018999239999999997,1.0
yolo26l,13,C3k2,"C3k2[1024->128,p=2493440]@8x1024x40x40",16,8,8,1.0318961218825007,0.9931781442170312,0.9624788030069967,0.0034597679518596617,0.003419525223089824,0.9883683734488011,0.0034097424799999993,0.0033216685400000025,0.9741699144388181
yolo26l,14,Upsample,"Upsample[x2.0,nearest]@8x512x40x40",1,0,1,0.07051246326912354,0.07051246326912354,1.0,0.00025354011260046277,0.00025354011260046277,1.0,0.00025633688000000003,0.00025633688000000003,1.0
yolo26l,15,Concat,Concat[d=1]@8x512x80x80+8x512x80x80,1,0,1,0.18185290107535984,0.18185290107535984,1.0,0.0007581050207065536,0.0007581050207065536,1.0,0.0007575879399999999,0.0007575879399999999,1.0
yolo26l,16,C3k2,"C3k2[1024->64,p=755200]@8x1024x80x80",16,8,9,1.8951246819195857,1.762829692046424,0.9301919334725992,0.006375256385512024,0.006183579310899603,0.9699342170696046,0.006324944259999989,0.00611960916,0.9675356664724205
yolo26l,17,Conv,"Conv[256->256,k3,s2]@8x256x80x80",1,0,1,0.20383856749321147,0.20383856749321147,1.0,0.000687652481488945,0.000687652481488945,1.0,0.0006866094200000002,0.0006866094200000002,1.0
yolo26l,18,Concat,Concat[d=1]@8x256x40x40+8x512x40x40,1,0,1,0.034169620833917023,0.034169620833917023,1.0,0.00014356583372243114,0.00014356583372243114,1.0,0.00014300243999999993,0.00014300243999999993,1.0
yolo26l,19,C3k2,"C3k2[768->128,p=2362368]@8x768x40x40",16,8,9,1.0138959183680767,0.9706667099842726,0.957363268161308,0.0033965801706119458,0.0033500482641954485,0.98630036563862,0.0033475235400000037,0.0032581909000000023,0.9733138127536509
yolo26l,20,Conv,"Conv[512->512,k3,s2]@8x512x40x40",1,0,1,0.1713457342978528,0.1713457342978528,1.0,0.0005742520494293518,0.0005742520494293518,1.0,0.0005554738400000003,0.0005554738400000003,1.0
yolo26l,21,Concat,Concat[d=1]@8x512x20x20+8x512x20x20,1,0,1,0.011755933243008025,0.011755933243008025,1.0,4.954275475379714e-05,4.954275475379714e-05,1.0,4.918458e-05,4.918458e-05,1.0
yolo26l,22,C3k2,"C3k2[1024->256,p=1971584]@8x1024x20x20",7,5,10,0.29548159144930863,0.28533878713345084,0.9656736507133716,0.0009885432695644013,0.0010137326609963022,1.0254813240931786,0.0009638480999999997,0.0009673646400000001,1.0036484379644472
yolo26l,23,Detect,"Detect[nc=80,e2e]@8x256x80x80+8x512x40x40+8x512x20x20",1,0,1,1.5751119324152674,1.5751119324152674,1.0,0.005269565199597206,0.005269565199597206,1.0,0.005251262700000004,0.005251262700000004,1.0
yolo26l,-1,TOTAL,yolo26l,146,69,64,16.376371165815396,15.701735209263944,0.9588043071495772,0.05515511466745129,0.05457030327399245,0.9893969689486666,0.054667974480000006,0.05360362136000001,0.9805305916283878
yolo26x,0,Conv,"Conv[3->96,k3,s2]@8x3x640x640",1,0,1,0.9128686310580495,0.9128686310580495,1.0,0.003074270585623894,0.003074270585623894,1.0,0.0030686000599999988,0.0030686000599999988,1.0
yolo26x,1,Conv,"Conv[96->192,k3,s2]@8x96x320x320",1,0,1,1.151296439635403,1.151296439635403,1.0,0.0038651146755868068,0.0038651146755868068,1.0,0.0038592458999999963,0.0038592458999999963,1.0
yolo26x,2,C3k2,"C3k2[192->48,p=388416]@8x192x160x160",16,8,9,5.6225358490674004,5.312157885041953,0.9447975126602475,0.01885519747464162,0.018281725200234064,0.9695854538156485,0.018754052320000103,0.018157417739999994,0.9681863647482826
yolo26x,3,Conv,"Conv[384->384,k3,s2]@8x384x160x160",1,0,1,1.224642857138453,1.224642857138453,1.0,0.004097557811705742,0.004097557811705742,1.0,0.004095053580000001,0.004095053580000001,1.0
yolo26x,4,C3k2,"C3k2[384->96,p=1550976]@8x384x80x80",16,8,9,3.073090909095096,2.954369035461296,0.9613672757670683,0.01033108392037636,0.010119062311393456,0.9794773122920116,0.010256568039999992,0.0100024909,0.9752278599421261
yolo26x,5,Conv,"Conv[768->768,k3,s2]@8x768x80x80",1,0,1,1.0058197713511536,1.0058197713511536,1.0,0.003360427139425887,0.003360427139425887,1.0,0.003339457300000001,0.003339457300000001,1.0
yolo26x,6,C3k2,"C3k2[768->192,p=5018112]@8x768x40x40",16,8,9,1.7804958083850895,1.7139548980922303,0.9626278759099064,0.005980022510368667,0.005893209972993579,0.9854829079280947,0.005913733459999988,0.0057569468600000015,0.9734877127857591
yolo26x,7,Conv,"Conv[768->768,k3,s2]@8x768x40x40",1,0,1,0.2653766233786169,0.2653766233786169,1.0,0.0008856470613287895,0.0008856470613287895,1.0,0.0008753946000000002,0.0008753946000000002,1.0
yolo26x,8,C3k2,"C3k2[768->192,p=5018112]@8x768x20x20",16,8,9,0.4793866194926032,0.4648798755190808,0.9697389468465416,0.0016047332631157463,0.001698699337975944,1.0585555724555453,0.0015775567800000053,0.0015968137399999997,1.0122068252909378
yolo26x,9,SPPF,"SPPF[768->768,p=1475712]@8x768x20x20",5,2,5,0.19693627386323867,0.19360505656373847,0.9830847957354288,0.000658786100647495,0.0006780061217674445,1.0291749038133302,0.0006341859200000007,0.0006396591200000002,1.0086302767491266
yolo26x,10,C2PSA,"C2PSA[768->384,p=3257856]@8x768x20x20",8,6,7,0.5857017612503933,0.5743627419058801,0.9806402847068345,0.0019563209287341093,0.0019727722405173914,1.00840931134644,0.0019342006200000032,0.001932396140000001,0.9990670667864835
yolo26x,11,Upsample,"Upsample[x2.0,nearest]@8x768x20x20",1,0,1,0.028015555422365904,0.028015555422365904,1.0,9.999601992225087e-05,9.999601992225087e-05,1.0,0.00010110008000000002,0.00010110008000000002,1.0
yolo26x,12,Concat,Concat[d=1]@8x768x40x40+8x768x40x40,1,0,1,0.06595597520032424,0.06595597520032424,1.0,0.00028468907391358464,0.00028468907391358464,1.0,0.0002839490199999999,0.0002839490199999999,1.0
yolo26x,13,C3k2,"C3k2[1536->192,p=5607936]@8x1536x40x40",16,8,8,1.8660439146843877,1.806338860267834,0.9680044751644273,0.006268598204724014,0.006199695824716036,0.9890083272595054,0.00617472839999999,0.006027542280000002,0.9761631426574182
yolo26x,14,Upsample,"Upsample[x2.0,nearest]@8x768x40x40",1,0,1,0.10554623818465127,0.10554623818465127,1.0,0.0003784205287075223,0.0003784205287075223,1.0,0.00038076864,0.00038076864,1.0
yolo26x,15,Concat,Concat[d=1]@8x768x80x80+8x768x80x80,1,0,1,0.270025909092616,0.270025909092616,1.0,0.0011374450813640248,0.0011374450813640248,1.0,0.0011353283599999998,0.0011353283599999998,1.0
yolo26x,16,C3k2,"C3k2[1536->96,p=1698048]@8x1536x80x80",16,8,9,3.002853118737699,2.8686278519472044,0.9553007551541788,0.010048552538067763,0.009875201384762089,0.9827486443794812,0.009966484239999986,0.009724298299999998,0.9756999625777777
yolo26x,17,Conv,"Conv[384->384,k3,s2]@8x384x80x80",1,0,1,0.3129145907468568,0.3129145907468568,1.0,0.001045919547700872,0.001045919547700872,1.0,0.0010361755999999994,0.0010361755999999994,1.0
yolo26x,18,Concat,Concat[d=1]@8x384x40x40+8x768x40x40,1,0,1,0.04991220117191383,0.04991220117191383,1.0,0.0002140339653694777,0.0002140339653694777,1.0,0.00021343637999999987,0.00021343637999999987,1.0
yolo26x,19,C3k2,"C3k2[1152->192,p=5313024]@8x1152x40x40",16,8,9,1.823542331296242,1.7608300815892135,0.9656096551032899,0.0061318511611844866,0.006045099337014779,0.9858522619206971,0.006031455580000001,0.005882666300000002,0.975331115677387
yolo26x,20,Conv,"Conv[768->768,k3,s2]@8x768x40x40",1,0,1,0.2653766233786169,0.2653766233786169,1.0,0.0008856470613287895,0.0008856470613287895,1.0,0.0008753946000000002,0.0008753946000000002,1.0
yolo26x,21,Concat,Concat[d=1]@8x768x20x20+8x768x20x20,1,0,1,0.016881379692983655,0.016881379692983655,1.0,7.306830860291075e-05,7.306830860291075e-05,1.0,7.253623999999997e-05,7.253623999999997e-05,1.0
yolo26x,22,C3k2,"C3k2[1536->384,p=4431936]@8x1536x20x20",7,5,10,0.5053542722010282,0.4946781896048911,0.978874062843798,0.0016857315180713122,0.001700028348249712,1.0084810837462166,0.0016467690399999963,0.0016502490400000004,1.0021132289443602
yolo26x,23,Detect,"Detect[nc=80,e2e]@8x384x80x80+8x768x40x40+8x768x20x20",1,0,1,2.4766815920324863,2.4766815920324863,1.0,0.008282932278331042,0.008282932278331042,1.0,0.008299520940000023,0.008299520940000023,1.0
yolo26x,-1,TOTAL,yolo26x,146,69,64,27.087255245557667,26.29511886347781,0.9707561222095484,0.09120604675884317,0.09014866921853609,0.9884067166829095,0.09052569570000009,0.08900644172000002,0.9832174282864963
