t_s,power_w,sm_clock_mhz,mem_clock_mhz,pstate
2.2910535335540771e-07,118.43,1740,7251,0
0.010158941149711609,118.43,1740,7251,0
0.020320022478699684,118.43,1740,7251,0
0.030469289980828762,118.43,1740,7251,0
0.040623811073601246,118.43,1740,7251,0
0.050779279321432114,118.43,1740,7251,0
0.06092898268252611,118.43,1740,7251,0
0.0710804583504796,118.43,1740,7251,0
0.08123271726071835,118.43,1740,7251,0
0.09138491377234459,115.708,1740,7251,0
0.10155708063393831,115.708,1740,7251,0
0.11171075515449047,115.708,1740,7251,0
0.1218608608469367,115.708,1740,7251,0
0.13201421312987804,115.708,1740,7251,0
0.14212294667959213,115.708,1740,7251,0
0.1522339479997754,115.708,1740,7251,0
0.1623420650139451,115.708,1740,7251,0
0.1724943807348609,115.708,1740,7251,0
0.1826367201283574,115.708,1740,7251,0
0.19274741504341364,113.094,1740,7251,0
0.20289702992886305,113.094,1740,7251,0
0.21304709650576115,113.094,1740,7251,0
0.2231833478435874,113.094,1740,7251,0
0.2333336779847741,113.094,1740,7251,0
0.24348498694598675,113.094,1740,7251,0
0.25363804399967194,113.094,1740,7251,0
0.2637922689318657,113.094,1740,7251,0
0.27394453529268503,113.094,1740,7251,0
0.28405599389225245,113.094,1740,7251,0
0.2941667316481471,110.264,1740,7251,0
0.3043192522600293,110.264,1740,7251,0
0.3144687572494149,110.264,1740,7251,0
0.32461872696876526,110.264,1740,7251,0
0.33476349245756865,110.264,1740,7251,0
0.3448735950514674,110.264,1740,7251,0
0.3550253799185157,110.264,1740,7251,0
0.36518967896699905,110.264,1740,7251,0
0.37534149549901485,110.264,1740,7251,0
0.38545224722474813,110.264,1740,7251,0
0.3956041568890214,107.638,1740,7251,0
0.40575655549764633,107.638,1740,7251,0
0.4158667381852865,107.638,1740,7251,0
0.42601640708744526,107.638,1740,7251,0
0.4361288044601679,107.638,1740,7251,0
0.44628097023814917,107.638,1740,7251,0
0.45643254928290844,107.638,1740,7251,0
0.46658441331237555,107.638,1740,7251,0
0.4767374163493514,107.638,1740,7251,0
0.4868894498795271,107.638,1740,7251,0
0.4970412105321884,104.711,1740,7251,0
0.507152983918786,104.711,1740,7251,0
0.5173032507300377,104.711,1740,7251,0
0.5274663222953677,104.711,1740,7251,0
0.5376188568770885,104.711,1740,7251,0
0.5477714547887444,104.711,1740,7251,0
0.5579239763319492,104.711,1740,7251,0
0.5680763674899936,104.711,1740,7251,0
0.578231425024569,104.711,1740,7251,0
0.5883401362225413,101.96,1740,7251,0
0.5984920058399439,101.96,1740,7251,0
0.6086473744362593,101.96,1740,7251,0
0.6187993632629514,101.96,1740,7251,0
0.628949161618948,101.96,1740,7251,0
0.6391014084219933,101.96,1740,7251,0
0.6492543993517756,101.96,1740,7251,0
0.6594076855108142,101.96,1740,7251,0
0.6695966208353639,101.96,1740,7251,0
0.6797497132793069,101.96,1740,7251,0
0.6899019191041589,99.25,1740,7251,0
0.7000139942392707,99.25,1740,7251,0
0.710166085511446,99.25,1740,7251,0
0.7203161492943764,99.25,1740,7251,0
0.730444866232574,99.25,1740,7251,0
0.7405957467854023,99.25,1740,7251,0
0.7507477290928364,99.25,1740,7251,0
0.7608577981591225,99.25,1740,7251,0
0.7710162280127406,99.25,1740,7251,0
0.7811725344508886,99.25,1740,7251,0
0.7913250038400292,96.458,1740,7251,0
0.8014770988374949,96.458,1740,7251,0
0.8115876615047455,96.458,1740,7251,0
0.8217409877106547,96.458,1740,7251,0
0.8318931553512812,96.458,1740,7251,0
0.8420035354793072,96.458,1740,7251,0
0.8521557990461588,96.458,1740,7251,0
0.8622647607699037,96.458,1740,7251,0
0.8724232250824571,96.458,1740,7251,0
0.8825336620211601,96.458,1740,7251,0
0.8926860522478819,93.772,1740,7251,0
0.9028393058106303,93.772,1740,7251,0
0.913002260029316,93.772,1740,7251,0
0.9231165563687682,93.772,1740,7251,0
0.9332759063690901,93.772,1740,7251,0
0.9434303902089596,93.772,1740,7251,0
0.9535830449312925,93.772,1740,7251,0
0.9636938236653805,93.772,1740,7251,0
0.9738464616239071,93.772,1740,7251,0
0.9839968783780932,93.772,1740,7251,0
0.9941490730270743,90.869,1740,7251,0
1.004263248294592,90.869,1740,7251,0
1.0144287394359708,90.869,1740,7251,0
1.0245904177427292,90.869,1740,7251,0
1.0346999112516642,90.869,1740,7251,0
1.0448518367484212,90.869,1740,7251,0
1.055004077963531,90.869,1740,7251,0
1.0651567671447992,90.869,1740,7251,0
1.0752674508839846,90.869,1740,7251,0
1.0854435143992305,90.869,1740,7251,0
1.0956159364432096,90.869,1740,7251,0
1.105768358334899,90.869,1740,7251,0
1.1159211434423923,90.869,1740,7251,0
1.1260733250528574,90.869,1740,7251,0
1.1361839063465595,90.869,1740,7251,0
1.1463366644456983,90.869,1740,7251,0
1.156487986445427,90.869,1740,7251,0
1.1666402518749237,90.869,1740,7251,0
1.17679285351187,90.869,1740,7251,0
1.186945054680109,90.869,1740,7251,0
1.1970973638817668,90.869,1740,7251,0
1.2072512293234468,90.869,1740,7251,0
1.2174055352807045,90.869,1740,7251,0
1.2275563664734364,90.869,1740,7251,0
1.2376644434407353,90.869,1740,7251,0
1.2478199508041143,90.869,1740,7251,0
1.2579723810777068,90.869,1740,7251,0
1.2680839784443378,90.869,1740,7251,0
1.278236461803317,90.869,1740,7251,0
1.288364210166037,90.869,1740,7251,0
1.2985360557213426,90.869,1740,7251,0
1.3086884319782257,90.869,1740,7251,0
1.3188404869288206,90.869,1740,7251,0
1.3289499366655946,90.869,1740,7251,0
1.339100904762745,90.869,1740,7251,0
1.3492109952494502,90.869,1740,7251,0
1.3593202140182257,90.869,1740,7251,0
1.3694326858967543,90.869,1740,7251,0
1.3795828465372324,90.869,1740,7251,0
1.389733538031578,90.869,1740,7251,0
1.39988511800766,90.869,1740,7251,0
1.410035653039813,90.869,1740,7251,0
1.4201863100752234,90.869,1740,7251,0
1.4303370481356978,90.869,1740,7251,0
1.440447710454464,90.869,1740,7251,0
1.4505561208352447,90.869,1740,7251,0
1.4607063317671418,90.869,1740,7251,0
1.4708555461838841,90.869,1740,7251,0
1.4810068560764194,90.869,1740,7251,0
1.4911184730008245,90.869,1740,7251,0
1.501271266490221,90.869,1740,7251,0
1.511383785866201,90.869,1740,7251,0
1.5215766644105315,90.869,1740,7251,0
1.5317286439239979,90.869,1740,7251,0
1.5418800497427583,90.869,1740,7251,0
1.5519906729459763,90.869,1740,7251,0
1.5621413504704833,90.869,1740,7251,0
1.5722948191687465,90.869,1740,7251,0
1.5824463153257966,90.869,1740,7251,0
1.5925566339865327,90.869,1740,7251,0
1.602709611877799,90.869,1740,7251,0
1.61282102111727,90.869,1740,7251,0
1.6229725237935781,90.869,1740,7251,0
1.6331247789785266,90.869,1740,7251,0
1.6432776181027293,90.869,1740,7251,0
1.6534300744533539,90.869,1740,7251,0
1.6635822774842381,90.869,1740,7251,0
1.67369285505265,90.869,1740,7251,0
1.683845890685916,90.869,1740,7251,0
1.6939980695024133,90.869,1740,7251,0
1.7041508853435516,90.869,1740,7251,0
1.714303782209754,90.869,1740,7251,0
1.7244560224935412,90.869,1740,7251,0
1.7346086082980037,90.869,1740,7251,0
1.7447613757103682,90.869,1740,7251,0
1.7549143126234412,90.869,1740,7251,0
1.7650644332170486,90.869,1740,7251,0
1.7751918518915772,90.869,1740,7251,0
1.7853027479723096,90.869,1740,7251,0
1.7954212091863155,90.869,1740,7251,0
1.805532212369144,90.869,1740,7251,0
1.8156859036535025,90.869,1740,7251,0
1.8258369425311685,90.869,1740,7251,0
1.836050151847303,90.869,1740,7251,0
1.8462178092449903,90.869,1740,7251,0
1.856305843219161,90.869,1740,7251,0
1.8664315110072494,90.869,1740,7251,0
1.8765833163633943,90.869,1740,7251,0
1.886732037179172,90.869,1740,7251,0
1.8968832707032561,90.869,1740,7251,0
1.9070357121527195,90.869,1740,7251,0
1.9171842830255628,90.869,1740,7251,0
1.9273364283144474,90.869,1740,7251,0
1.9374467004090548,90.869,1740,7251,0
1.9475989565253258,90.869,1740,7251,0
1.957751546986401,90.869,1740,7251,0
1.967904238961637,90.869,1740,7251,0
1.9780559483915567,90.869,1740,7251,0
1.9882588777691126,87.593,1740,7251,0
1.9984090430662036,87.593,1740,7251,0
2.0085593489930034,87.593,1740,7251,0
2.018710097298026,87.593,1740,7251,0
2.0288607627153397,87.593,1740,7251,0
2.039013434201479,87.593,1740,7251,0
2.049121530726552,87.593,1740,7251,0
2.0592735186219215,87.593,1740,7251,0
2.069384254515171,87.593,1740,7251,0
2.079554026015103,87.593,1740,7251,0
2.0896824672818184,87.593,1740,7251,0
2.099791663698852,87.593,1740,7251,0
2.1099430667236447,87.593,1740,7251,0
2.12009493727237,87.593,1740,7251,0
2.1302455784752965,87.593,1740,7251,0
2.1404059818014503,87.593,1740,7251,0
2.150576241314411,87.593,1740,7251,0
2.160733984783292,87.593,1740,7251,0
2.17088461574167,87.593,1740,7251,0
2.180993042886257,87.593,1740,7251,0
2.191168023273349,87.593,1740,7251,0
2.201278518885374,87.593,1740,7251,0
2.2114313766360283,87.593,1740,7251,0
2.221542720682919,87.593,1740,7251,0
2.231692770496011,87.593,1740,7251,0
2.241842714138329,87.593,1740,7251,0
2.2519942382350564,87.593,1740,7251,0
2.262144955806434,87.593,1740,7251,0
2.272295478731394,87.593,1740,7251,0
2.282404796220362,87.593,1740,7251,0
2.2925725979730487,87.593,1740,7251,0
2.3027249705046415,87.593,1740,7251,0
2.312834839336574,87.593,1740,7251,0
2.3229466704651713,87.593,1740,7251,0
2.333098622970283,87.593,1740,7251,0
2.3432072261348367,87.593,1740,7251,0
2.353357957676053,87.593,1740,7251,0
2.3635333739221096,87.593,1740,7251,0
2.3736834889277816,87.593,1740,7251,0
2.38383674249053,87.593,1740,7251,0
2.3939888374879956,87.593,1740,7251,0
2.4041416542604566,87.593,1740,7251,0
2.41429465636611,87.593,1740,7251,0
2.424447536468506,87.593,1740,7251,0
2.434601037763059,87.593,1740,7251,0
2.4447517693042755,87.593,1740,7251,0
2.4548622369766235,87.593,1740,7251,0
2.4650147520005703,87.593,1740,7251,0
2.4751650476828218,87.593,1740,7251,0
2.485320560634136,87.593,1740,7251,0
2.495431109331548,87.593,1740,7251,0
2.5055857514962554,87.593,1740,7251,0
2.5157392183318734,87.593,1740,7251,0
2.525892661884427,87.593,1740,7251,0
2.53604347538203,87.593,1740,7251,0
2.5461580865085125,87.593,1740,7251,0
2.5563099272549152,87.593,1740,7251,0
2.566473844461143,87.593,1740,7251,0
2.57662658020854,87.593,1740,7251,0
2.5867783976718783,87.593,1740,7251,0
2.596887213177979,87.593,1740,7251,0
2.6070542372763157,87.593,1740,7251,0
2.617206757888198,87.593,1740,7251,0
2.6273570442572236,87.593,1740,7251,0
2.6374693075194955,87.593,1740,7251,0
2.6476227901875973,87.593,1740,7251,0
2.657775211147964,87.593,1740,7251,0
2.6679276563227177,87.593,1740,7251,0
2.678080833517015,87.593,1740,7251,0
2.6882331436499953,87.593,1740,7251,0
2.6983453799039125,87.593,1740,7251,0
2.708498532883823,87.593,1740,7251,0
2.718609595671296,87.593,1740,7251,0
2.7287627505138516,87.593,1740,7251,0
2.7389152450487018,87.593,1740,7251,0
2.7490671453997493,87.593,1740,7251,0
2.7592190792784095,87.593,1740,7251,0
2.7693693097680807,87.593,1740,7251,0
2.779482983984053,87.593,1740,7251,0
2.789652560837567,87.593,1740,7251,0
2.7997648818418384,87.593,1740,7251,0
2.809917077422142,87.593,1740,7251,0
2.820025364868343,87.593,1740,7251,0
2.830175142735243,87.593,1740,7251,0
2.840328828431666,87.593,1740,7251,0
2.85048461612314,87.593,1740,7251,0
2.8605970731005073,87.593,1740,7251,0
2.8707472793757915,87.593,1740,7251,0
2.8808991434052587,87.593,1740,7251,0
2.8910520151257515,87.593,1740,7251,0
2.9012045627459884,87.593,1740,7251,0
2.9113572239875793,87.593,1740,7251,0
2.9215280720964074,87.593,1740,7251,0
2.93167869374156,87.593,1740,7251,0
2.941830350086093,87.593,1740,7251,0
2.9519390612840652,87.593,1740,7251,0
2.9620914133265615,87.593,1740,7251,0
2.97224398329854,87.593,1740,7251,0
2.982394245453179,87.593,1740,7251,0
2.992567488923669,87.644,1740,7251,0
3.002720861695707,87.644,1740,7251,0
3.012875162065029,87.644,1740,7251,0
3.0230280244722962,87.644,1740,7251,0
3.03317825589329,87.644,1740,7251,0
3.0432910583913326,87.644,1740,7251,0
3.0534443706274033,87.644,1740,7251,0
3.063596752472222,87.644,1740,7251,0
3.0737496027722955,87.644,1740,7251,0
3.0839010318741202,87.644,1740,7251,0
3.0940521704033017,87.644,1740,7251,0
3.10420473664999,87.644,1740,7251,0
3.1143572768196464,87.644,1740,7251,0
3.1245280727744102,87.644,1740,7251,0
3.134681978262961,87.644,1740,7251,0
3.144834498874843,87.644,1740,7251,0
3.1549870651215315,87.644,1740,7251,0
3.165139482356608,87.644,1740,7251,0
3.175291449762881,87.644,1740,7251,0
3.1854441221803427,87.644,1740,7251,0
3.195596353150904,87.644,1740,7251,0
3.2057494837790728,87.644,1740,7251,0
3.215860684402287,87.644,1740,7251,0
3.225988481193781,87.644,1740,7251,0
3.236099294386804,87.644,1740,7251,0
3.246251719072461,87.644,1740,7251,0
3.2564045367762446,87.644,1740,7251,0
3.2665769504383206,87.644,1740,7251,0
3.276717101223767,87.644,1740,7251,0
3.286878379061818,87.644,1740,7251,0
3.29702936578542,87.644,1740,7251,0
3.3071401230990887,87.644,1740,7251,0
3.3172903386875987,87.644,1740,7251,0
3.327442318201065,87.644,1740,7251,0
3.3375946497544646,87.644,1740,7251,0
3.3477465892210603,87.644,1740,7251,0
3.357898399233818,87.644,1740,7251,0
3.368050493299961,87.644,1740,7251,0
3.3782027699053288,87.644,1740,7251,0
3.3883202532306314,87.644,1740,7251,0
3.398472473025322,87.644,1740,7251,0
3.408624884672463,87.644,1740,7251,0
3.418777570128441,87.644,1740,7251,0
3.428927306085825,87.644,1740,7251,0
3.4390802579000592,87.644,1740,7251,0
3.4492314672097564,87.644,1740,7251,0
3.459383481182158,87.644,1740,7251,0
3.4695740966126323,87.644,1740,7251,0
3.4797266433015466,87.644,1740,7251,0
3.4898780919611454,87.644,1740,7251,0
3.500030362047255,87.644,1740,7251,0
3.5101829636842012,87.644,1740,7251,0
3.5203354246914387,87.644,1740,7251,0
3.530487240292132,87.644,1740,7251,0
3.540639621205628,87.644,1740,7251,0
3.5507510229945183,87.644,1740,7251,0
3.560902312397957,87.644,1740,7251,0
3.5710554709658027,87.644,1740,7251,0
3.5812168680131435,87.644,1740,7251,0
3.5913690626621246,87.644,1740,7251,0
3.60151444375515,87.644,1740,7251,0
3.611624402925372,87.644,1740,7251,0
3.621774331666529,87.644,1740,7251,0
3.631925219669938,87.644,1740,7251,0
3.6420354256406426,87.644,1740,7251,0
3.652187529951334,87.644,1740,7251,0
3.6623380118981004,87.644,1740,7251,0
3.6724499817937613,87.644,1740,7251,0
3.682601978071034,87.644,1740,7251,0
3.6927523789927363,87.644,1740,7251,0
3.70286535192281,87.644,1740,7251,0
3.712975673377514,87.644,1740,7251,0
3.7230865098536015,87.644,1740,7251,0
3.7331984527409077,87.644,1740,7251,0
3.743308517150581,87.644,1740,7251,0
3.7534608813002706,87.644,1740,7251,0
3.763613995164633,87.644,1740,7251,0
3.7737675178796053,87.644,1740,7251,0
3.783921998925507,87.644,1740,7251,0
3.7940832218155265,87.644,1740,7251,0
3.804194364696741,87.644,1740,7251,0
3.8143469970673323,87.644,1740,7251,0
3.8245189944282174,87.644,1740,7251,0
3.8346724761649966,87.644,1740,7251,0
3.844823074527085,87.644,1740,7251,0
3.854975405149162,87.644,1740,7251,0
3.86512837652117,87.644,1740,7251,0
3.875257393345237,87.644,1740,7251,0
3.8853718992322683,87.644,1740,7251,0
3.8955493634566665,87.644,1740,7251,0
3.905703157186508,87.644,1740,7251,0
3.9158563874661922,87.644,1740,7251,0
3.926009173505008,87.644,1740,7251,0
3.936162294819951,87.644,1740,7251,0
3.9463157234713435,87.644,1740,7251,0
3.956468719057739,87.644,1740,7251,0
3.9666225649416447,87.644,1740,7251,0
3.976733402349055,87.644,1740,7251,0
3.986924510449171,87.644,1740,7251,0
3.9970762291923165,87.8,1740,7251,0
4.007229727692902,87.8,1740,7251,0
4.017381392419338,87.8,1740,7251,0
4.027548864483833,87.8,1740,7251,0
4.037668044678867,87.8,1740,7251,0
4.0478197149932384,87.8,1740,7251,0
4.057930216193199,87.8,1740,7251,0
4.068082015030086,87.8,1740,7251,0
4.078233214095235,87.8,1740,7251,0
4.088384001515806,87.8,1740,7251,0
4.0985924154520035,87.8,1740,7251,0
4.108743702061474,87.8,1740,7251,0
4.1188948061317205,87.8,1740,7251,0
4.129046023823321,87.8,1740,7251,0
4.139196835458279,87.8,1740,7251,0
4.1493529649451375,87.8,1740,7251,0
4.159521865658462,87.8,1740,7251,0
4.169671488925815,87.8,1740,7251,0
4.17982130497694,87.8,1740,7251,0
4.1899933172389865,87.8,1740,7251,0
4.200143404304981,87.8,1740,7251,0
4.210281791165471,87.8,1740,7251,0
4.220434264279902,87.8,1740,7251,0
4.2305426727980375,87.8,1740,7251,0
4.240654489025474,87.8,1740,7251,0
4.250804959796369,87.8,1740,7251,0
4.260955271311104,87.8,1740,7251,0
4.2711062133312225,87.8,1740,7251,0
4.2812572699040174,87.8,1740,7251,0
4.29136670473963,87.8,1740,7251,0
4.301480118185282,87.8,1740,7251,0
4.3116214126348495,87.8,1740,7251,0
4.321732833050191,87.8,1740,7251,0
4.331883228383958,87.8,1740,7251,0
4.342033104039729,87.8,1740,7251,0
4.352186021395028,87.8,1740,7251,0
4.362339112907648,87.8,1740,7251,0
4.3724926970899105,87.8,1740,7251,0
4.382646237500012,87.8,1740,7251,0
4.392798220738769,87.8,1740,7251,0
4.402951342985034,87.8,1740,7251,0
4.413105153478682,87.8,1740,7251,0
4.423258265480399,87.8,1740,7251,0
4.433408752083778,87.8,1740,7251,0
4.443603968247771,87.8,1740,7251,0
4.453754484653473,87.8,1740,7251,0
4.463930482044816,87.8,1740,7251,0
4.474093763157725,87.8,1740,7251,0
4.484246880747378,87.8,1740,7251,0
4.494398068636656,87.8,1740,7251,0
4.504569074138999,87.8,1740,7251,0
4.514721063897014,87.8,1740,7251,0
4.524874296039343,87.8,1740,7251,0
4.535027544945478,87.8,1740,7251,0
4.545180272310972,87.8,1740,7251,0
4.555331734009087,87.8,1740,7251,0
4.565485057421029,87.8,1740,7251,0
4.575596853159368,87.8,1740,7251,0
4.585748882964253,87.8,1740,7251,0
4.595901548862457,87.8,1740,7251,0
4.6060545621439815,87.8,1740,7251,0
4.616165419109166,87.8,1740,7251,0
4.62631767988205,87.8,1740,7251,0
4.6364714447408915,87.8,1740,7251,0
4.646623088978231,87.8,1740,7251,0
4.656775369308889,87.8,1740,7251,0
4.666929052211344,87.8,1740,7251,0
4.677078532986343,87.8,1740,7251,0
4.687190362252295,87.8,1740,7251,0
4.697343309409916,87.8,1740,7251,0
4.707496031187475,87.8,1740,7251,0
4.7176480973139405,87.8,1740,7251,0
4.727800262160599,87.8,1740,7251,0
4.737952376715839,87.8,1740,7251,0
4.748103701509535,87.8,1740,7251,0
4.758212777785957,87.8,1740,7251,0
4.768363325856626,87.8,1740,7251,0
4.778476692736149,87.8,1740,7251,0
4.788590269163251,87.8,1740,7251,0
4.798742874525487,87.8,1740,7251,0
4.808894316665828,87.8,1740,7251,0
4.819045982323587,87.8,1740,7251,0
4.829196703620255,87.8,1740,7251,0
4.8393491031602025,87.8,1740,7251,0
4.8494596760720015,87.8,1740,7251,0
4.859609086997807,87.8,1740,7251,0
4.86976167652756,87.8,1740,7251,0
4.879871938377619,87.8,1740,7251,0
4.890032026916742,87.8,1740,7251,0
4.900186398997903,87.8,1740,7251,0
4.910338749177754,87.8,1740,7251,0
4.920490809716284,87.8,1740,7251,0
4.930643626488745,87.8,1740,7251,0
4.940796338021755,87.8,1740,7251,0
4.950953304767609,87.8,1740,7251,0
4.961065002717078,87.8,1740,7251,0
4.971176031976938,87.8,1740,7251,0
4.981328283436596,87.8,1740,7251,0
4.991481335833669,87.762,1740,7251,0
