model_name,gpu_name,freq_label,dtype,batch,imgsz,energy_j,time_s,power_w,iterations,n_repeats,energy_std_j,time_std_s,gpu_kernel_time_s,sm_clock_mhz_mean,sm_clock_mhz_min,sm_clock_mhz_max,mem_clock_mhz_mean,pstate_max,temp_before,temp_after,measurement_duration_s,cooldown_s,num_warmup,num_calibration,persistence_mode,torch_version,ultralytics_version,zeus_version,driver_version,tf32_conv,tf32_matmul,measured_at,notes
yolo26n,A40,default,fp32,1,640,0.764626213593535,0.00605549395663067,126.26983348836166,824,3,0.006895436699626728,2.220433207694261e-05,0.0019182585400000349,1740.0,1740.0,1740.0,7251.0,0,67.0,69.0,5.0,3.0,50,1000,0,2.14.0+cu130,8.4.148,0.16.0,595.71.05,1,1,2026-09-11T20:47:15+00:00,no_persistence_mode
yolo26s,A40,default,fp32,1,640,1.0175305623515603,0.0060808171852876625,167.33450971251727,818,3,0.0015225232689551743,1.910414172222584e-05,0.003051272219999991,1740.0,1740.0,1740.0,7251.0,0,70.0,75.0,5.0,3.0,50,1000,0,2.14.0+cu130,8.4.148,0.16.0,595.71.05,1,1,2026-09-11T20:47:59+00:00,no_persistence_mode
yolo26m,A40,default,fp32,1,640,1.847201923092643,0.006870439746877649,268.86225498624384,728,3,0.01354094576491687,1.2458927381481336e-05,0.005961394300000014,1740.0,1740.0,1740.0,7251.0,0,73.0,84.0,5.0,3.0,50,1000,0,2.14.0+cu130,8.4.148,0.16.0,595.71.05,1,1,2026-09-11T20:48:46+00:00,temp_delta=11C;no_persistence_mode
yolo26l,A40,default,fp32,1,640,2.4136376237810246,0.00988613260854589,244.1437637296711,505,3,0.0019635140819924436,6.973606688631881e-06,0.007490057920000097,1740.0,1740.0,1740.0,7251.0,0,73.0,81.0,5.0,3.0,50,1000,0,2.14.0+cu130,8.4.148,0.16.0,595.71.05,1,1,2026-09-11T20:49:43+00:00,temp_delta=8C;no_persistence_mode
yolo26x,A40,default,fp32,1,640,3.787525380739403,0.01262604464129143,299.97718908365937,394,3,0.004480811596262929,1.4313521086634994e-05,0.012148411900000006,1708.95,1695.0,1725.0,7251.0,0,71.0,82.0,5.0,3.0,50,1000,0,2.14.0+cu130,8.4.148,0.16.0,595.71.05,1,1,2026-09-11T20:50:49+00:00,temp_delta=11C;no_persistence_mode
yolo26n,A40,default,fp32,8,640,2.748843212229116,0.00955851994326648,287.58042338610636,523,3,0.041715266045207845,5.180159726690728e-06,0.00939417456000004,1740.0,1740.0,1740.0,7251.0,0,72.0,82.0,5.0,3.0,50,1000,0,2.14.0+cu130,8.4.148,0.16.0,595.71.05,1,1,2026-09-14T02:07:25+00:00,temp_delta=10C;no_persistence_mode
yolo26s,A40,default,fp32,8,640,5.805891050554899,0.019435767533714204,298.72198463393454,257,3,0.048001530920202005,7.658760171067414e-06,0.01924035524000007,1731.9,1710.0,1740.0,7251.0,0,70.0,81.0,5.0,3.0,50,1000,0,2.14.0+cu130,8.4.148,0.16.0,595.71.05,1,1,2026-09-14T02:08:53+00:00,temp_delta=11C;no_persistence_mode
yolo26m,A40,default,fp32,8,640,12.74852991460735,0.04237982146760337,300.81603633825534,117,3,0.002758387990660324,1.3370873492493213e-05,0.04210798753999992,1714.2424242424242,1695.0,1725.0,7251.0,0,69.0,79.0,5.0,3.0,50,1000,0,2.14.0+cu130,8.4.148,0.16.0,595.71.05,1,1,2026-09-14T02:11:37+00:00,temp_delta=10C;no_persistence_mode
yolo26l,A40,default,fp32,8,640,16.548433333304192,0.05499398178524441,300.91353264666407,90,3,0.03437228645216604,1.5761513584192563e-05,0.05459294296000024,1720.3030303030303,1710.0,1725.0,7251.0,0,67.0,79.0,5.0,3.0,50,1000,0,2.14.0+cu130,8.4.148,0.16.0,595.71.05,1,1,2026-09-14T02:15:03+00:00,temp_delta=12C;no_persistence_mode
yolo26x,A40,default,fp32,8,640,27.326240740716457,0.09097518744292082,300.37026038403434,54,3,0.2943561814489288,1.7764932323269217e-05,0.09034650471999997,1687.9591836734694,1665.0,1710.0,7251.0,0,68.0,78.0,5.0,3.0,50,1000,0,2.14.0+cu130,8.4.148,0.16.0,595.71.05,1,1,2026-09-14T02:20:27+00:00,temp_delta=10C;no_persistence_mode
