kernel_key,gpu_name,freq_label,dtype,kernel_type,short_desc,signature_json,input_spec_json,energy_j,time_s,power_w,iterations,n_repeats,energy_std_j,time_std_s,gpu_kernel_time_s,sm_clock_mhz_mean,sm_clock_mhz_min,sm_clock_mhz_max,mem_clock_mhz_mean,pstate_max,temp_before,temp_after,measurement_duration_s,cooldown_s,num_warmup,num_calibration,input_source,persistence_mode,torch_version,ultralytics_version,zeus_version,driver_version,tf32_conv,tf32_matmul,measured_at,notes,warmup_settle_s
01464e3d1a62b133,A40,default,fp32,LSTMLayer,LSTMLayer[128->128]@32x1024x128,"{""input"": {""dtype"": ""float32"", ""kind"": ""tensor"", ""shape"": [32, 1024, 128]}, ""module"": {""buffers"": [], ""cls"": ""LSTMLayer"", ""modules"": [{""a"": {}, ""cls"": ""LSTMLayer"", ""n"": """"}, {""a"": {""batch_first"": true, ""bias"": true, ""bidirectional"": false, ""dropout"": 0.0, ""hidden_size"": 128, ""input_size"": 128, ""num_layers"": 1, ""proj_size"": 0}, ""cls"": ""LSTM"", ""n"": ""lstm""}], ""params"": [{""dt"": ""float32"", ""n"": ""lstm.weight_ih_l0"", ""s"": [512, 128]}, {""dt"": ""float32"", ""n"": ""lstm.weight_hh_l0"", ""s"": [512, 128]}, {""dt"": ""float32"", ""n"": ""lstm.bias_ih_l0"", ""s"": [512]}, {""dt"": ""float32"", ""n"": ""lstm.bias_hh_l0"", ""s"": [512]}]}, ""sig_version"": 1}","{""kind"": ""tensor"", ""shape"": [32, 1024, 128], ""dtype"": ""float32""}",0.465657366617486,0.00244972499281649,190.085567964962,2043,3,0.00311431739934787,1.17754074513839e-06,0.0024472167,1740.0,1740.0,1740.0,7251.0,0,71.0,78.0,5.0,3.0,50,1000,captured,0,2.14.0+cu130,8.4.148,0.16.0,595.71.05,1,1,2026-10-03T18:26:35+00:00,temp_delta=7C;no_persistence_mode,
079dd3e78932dced,A40,default,fp32,ResidualStack,"ResidualStack[32->32,p=13472]@32x32x128","{""input"": {""dtype"": ""float32"", ""kind"": ""tensor"", ""shape"": [32, 32, 128]}, ""module"": {""buffers"": [], ""cls"": ""ResidualStack"", ""modules"": [{""a"": {}, ""cls"": ""ResidualStack"", ""n"": """"}, {""a"": {""dilation"": [1], ""groups"": 1, ""in_channels"": 32, ""kernel_size"": [1], ""out_channels"": 32, ""padding"": [0], ""stride"": [1]}, ""cls"": ""Conv1d"", ""n"": ""conv""}, {""a"": {}, ""cls"": ""ResidualUnit"", ""n"": ""unit1""}, {""a"": {""dilation"": [1], ""groups"": 1, ""in_channels"": 32, ""kernel_size"": [3], ""out_channels"": 32, ""padding"": [1], ""stride"": [1]}, ""cls"": ""Conv1d"", ""n"": ""unit1.conv1""}, {""a"": {}, ""cls"": ""ReLU"", ""n"": ""unit1.act""}, {""a"": {""dilation"": [1], ""groups"": 1, ""in_channels"": 32, ""kernel_size"": [3], ""out_channels"": 32, ""padding"": [1], ""stride"": [1]}, ""cls"": ""Conv1d"", ""n"": ""unit1.conv2""}, {""a"": {}, ""cls"": ""ResidualUnit"", ""n"": ""unit2""}, {""a"": {""dilation"": [1], ""groups"": 1, ""in_channels"": 32, ""kernel_size"": [3], ""out_channels"": 32, ""padding"": [1], ""stride"": [1]}, ""cls"": ""Conv1d"", ""n"": ""unit2.conv1""}, {""a"": {}, ""cls"": ""ReLU"", ""n"": ""unit2.act""}, {""a"": {""dilation"": [1], ""groups"": 1, ""in_channels"": 32, ""kernel_size"": [3], ""out_channels"": 32, ""padding"": [1], ""stride"": [1]}, ""cls"": ""Conv1d"", ""n"": ""unit2.conv2""}, {""a"": {""dilation"": 1, ""kernel_size"": 2, ""padding"": 0, ""stride"": 2}, ""cls"": ""MaxPool1d"", ""n"": ""pool""}], ""params"": [{""dt"": ""float32"", ""n"": ""conv.weight"", ""s"": [32, 32, 1]}, {""dt"": ""float32"", ""n"": ""conv.bias"", ""s"": [32]}, {""dt"": ""float32"", ""n"": ""unit1.conv1.weight"", ""s"": [32, 32, 3]}, {""dt"": ""float32"", ""n"": ""unit1.conv1.bias"", ""s"": [32]}, {""dt"": ""float32"", ""n"": ""unit1.conv2.weight"", ""s"": [32, 32, 3]}, {""dt"": ""float32"", ""n"": ""unit1.conv2.bias"", ""s"": [32]}, {""dt"": ""float32"", ""n"": ""unit2.conv1.weight"", ""s"": [32, 32, 3]}, {""dt"": ""float32"", ""n"": ""unit2.conv1.bias"", ""s"": [32]}, {""dt"": ""float32"", ""n"": ""unit2.conv2.weight"", ""s"": [32, 32, 3]}, {""dt"": ""float32"", ""n"": ""unit2.conv2.bias"", ""s"": [32]}]}, ""sig_version"": 1}","{""kind"": ""tensor"", ""shape"": [32, 32, 128], ""dtype"": ""float32""}",0.0254928085430988,0.000213242421089838,119.548485769437,23222,3,0.000227069661430179,1.07305480113599e-07,5.68012599999995e-05,1740.0,1740.0,1740.0,7251.0,0,69.0,70.0,5.0,3.0,50,1000,captured,0,2.14.0+cu130,8.4.148,0.16.0,595.71.05,1,1,2026-10-03T18:24:18+00:00,no_persistence_mode,
0810d89d591197aa,A40,default,fp32,ConvPool,"ConvPool[64->64,p=12352]@32x64x512","{""input"": {""dtype"": ""float32"", ""kind"": ""tensor"", ""shape"": [32, 64, 512]}, ""module"": {""buffers"": [], ""cls"": ""ConvPool"", ""modules"": [{""a"": {}, ""cls"": ""ConvPool"", ""n"": """"}, {""a"": {""dilation"": [1], ""groups"": 1, ""in_channels"": 64, ""kernel_size"": [3], ""out_channels"": 64, ""padding"": [1], ""stride"": [1]}, ""cls"": ""Conv1d"", ""n"": ""conv""}, {""a"": {}, ""cls"": ""ReLU"", ""n"": ""act""}, {""a"": {""dilation"": 1, ""kernel_size"": 2, ""padding"": 0, ""stride"": 2}, ""cls"": ""MaxPool1d"", ""n"": ""pool""}], ""params"": [{""dt"": ""float32"", ""n"": ""conv.weight"", ""s"": [64, 64, 3]}, {""dt"": ""float32"", ""n"": ""conv.bias"", ""s"": [64]}]}, ""sig_version"": 1}","{""kind"": ""tensor"", ""shape"": [32, 64, 512], ""dtype"": ""float32""}",0.0191287025973284,7.86710764565458e-05,243.147843641039,63604,3,0.000176368653740225,2.32667549452781e-09,7.55236199999999e-05,1740.0,1740.0,1740.0,7251.0,0,64.0,75.0,5.0,10.0,50,1000,captured,0,2.14.0+cu130,8.4.148,0.16.0+g796e8ada,595.71.05,1,1,2026-10-03T22:50:27+00:00,temp_delta=11C;no_persistence_mode,
088468d743c31d56,A40,default,fp32,ConvPool,"ConvPool[64->64,p=12352]@256x64x512","{""input"": {""dtype"": ""float32"", ""kind"": ""tensor"", ""shape"": [256, 64, 512]}, ""module"": {""buffers"": [], ""cls"": ""ConvPool"", ""modules"": [{""a"": {}, ""cls"": ""ConvPool"", ""n"": """"}, {""a"": {""dilation"": [1], ""groups"": 1, ""in_channels"": 64, ""kernel_size"": [3], ""out_channels"": 64, ""padding"": [1], ""stride"": [1]}, ""cls"": ""Conv1d"", ""n"": ""conv""}, {""a"": {}, ""cls"": ""ReLU"", ""n"": ""act""}, {""a"": {""dilation"": 1, ""kernel_size"": 2, ""padding"": 0, ""stride"": 2}, ""cls"": ""MaxPool1d"", ""n"": ""pool""}], ""params"": [{""dt"": ""float32"", ""n"": ""conv.weight"", ""s"": [64, 64, 3]}, {""dt"": ""float32"", ""n"": ""conv.bias"", ""s"": [64]}]}, ""sig_version"": 1}","{""kind"": ""tensor"", ""shape"": [256, 64, 512], ""dtype"": ""float32""}",0.188600315747802,0.00065856283549462,286.38165651445,7601,3,0.000925540682440468,1.35016800239049e-08,0.00065618498,1740.0,1740.0,1740.0,7251.0,0,69.0,83.0,5.0,10.0,50,1000,captured,0,2.14.0+cu130,8.4.148,0.16.0+g796e8ada,595.71.05,1,1,2026-10-03T23:00:39+00:00,temp_delta=14C;no_persistence_mode,
091eaa596da13470,A40,default,fp32,ResidualStack,"ResidualStack[32->32,p=13472]@256x32x256","{""input"": {""dtype"": ""float32"", ""kind"": ""tensor"", ""shape"": [256, 32, 256]}, ""module"": {""buffers"": [], ""cls"": ""ResidualStack"", ""modules"": [{""a"": {}, ""cls"": ""ResidualStack"", ""n"": """"}, {""a"": {""dilation"": [1], ""groups"": 1, ""in_channels"": 32, ""kernel_size"": [1], ""out_channels"": 32, ""padding"": [0], ""stride"": [1]}, ""cls"": ""Conv1d"", ""n"": ""conv""}, {""a"": {}, ""cls"": ""ResidualUnit"", ""n"": ""unit1""}, {""a"": {""dilation"": [1], ""groups"": 1, ""in_channels"": 32, ""kernel_size"": [3], ""out_channels"": 32, ""padding"": [1], ""stride"": [1]}, ""cls"": ""Conv1d"", ""n"": ""unit1.conv1""}, {""a"": {}, ""cls"": ""ReLU"", ""n"": ""unit1.act""}, {""a"": {""dilation"": [1], ""groups"": 1, ""in_channels"": 32, ""kernel_size"": [3], ""out_channels"": 32, ""padding"": [1], ""stride"": [1]}, ""cls"": ""Conv1d"", ""n"": ""unit1.conv2""}, {""a"": {}, ""cls"": ""ResidualUnit"", ""n"": ""unit2""}, {""a"": {""dilation"": [1], ""groups"": 1, ""in_channels"": 32, ""kernel_size"": [3], ""out_channels"": 32, ""padding"": [1], ""stride"": [1]}, ""cls"": ""Conv1d"", ""n"": ""unit2.conv1""}, {""a"": {}, ""cls"": ""ReLU"", ""n"": ""unit2.act""}, {""a"": {""dilation"": [1], ""groups"": 1, ""in_channels"": 32, ""kernel_size"": [3], ""out_channels"": 32, ""padding"": [1], ""stride"": [1]}, ""cls"": ""Conv1d"", ""n"": ""unit2.conv2""}, {""a"": {""dilation"": 1, ""kernel_size"": 2, ""padding"": 0, ""stride"": 2}, ""cls"": ""MaxPool1d"", ""n"": ""pool""}], ""params"": [{""dt"": ""float32"", ""n"": ""conv.weight"", ""s"": [32, 32, 1]}, {""dt"": ""float32"", ""n"": ""conv.bias"", ""s"": [32]}, {""dt"": ""float32"", ""n"": ""unit1.conv1.weight"", ""s"": [32, 32, 3]}, {""dt"": ""float32"", ""n"": ""unit1.conv1.bias"", ""s"": [32]}, {""dt"": ""float32"", ""n"": ""unit1.conv2.weight"", ""s"": [32, 32, 3]}, {""dt"": ""float32"", ""n"": ""unit1.conv2.bias"", ""s"": [32]}, {""dt"": ""float32"", ""n"": ""unit2.conv1.weight"", ""s"": [32, 32, 3]}, {""dt"": ""float32"", ""n"": ""unit2.conv1.bias"", ""s"": [32]}, {""dt"": ""float32"", ""n"": ""unit2.conv2.weight"", ""s"": [32, 32, 3]}, {""dt"": ""float32"", ""n"": ""unit2.conv2.bias"", ""s"": [32]}]}, ""sig_version"": 1}","{""kind"": ""tensor"", ""shape"": [256, 32, 256], ""dtype"": ""float32""}",0.160313246030218,0.000580567392969701,276.132018386684,8629,3,0.00104275636489267,2.79144680851032e-07,0.00057159462,1740.0,1740.0,1740.0,7251.0,0,71.0,82.0,5.0,3.0,50,1000,captured,0,2.14.0+cu130,8.4.148,0.16.0,595.71.05,1,1,2026-10-03T18:34:45+00:00,temp_delta=11C;no_persistence_mode,
0c4ed5fdf55bd1ab,A40,default,fp32,DenseSELU,DenseSELU[128->128]@256x128,"{""input"": {""dtype"": ""float32"", ""kind"": ""tensor"", ""shape"": [256, 128]}, ""module"": {""buffers"": [], ""cls"": ""DenseSELU"", ""modules"": [{""a"": {}, ""cls"": ""DenseSELU"", ""n"": """"}, {""a"": {""in_features"": 128, ""out_features"": 128}, ""cls"": ""Linear"", ""n"": ""fc""}, {""a"": {}, ""cls"": ""SELU"", ""n"": ""act""}, {""a"": {""p"": 0.3}, ""cls"": ""AlphaDropout"", ""n"": ""drop""}], ""params"": [{""dt"": ""float32"", ""n"": ""fc.weight"", ""s"": [128, 128]}, {""dt"": ""float32"", ""n"": ""fc.bias"", ""s"": [128]}]}, ""sig_version"": 1}","{""kind"": ""tensor"", ""shape"": [256, 128], ""dtype"": ""float32""}",0.00336257135938601,3.43881601842346e-05,97.7828223833736,144515,3,2.83952137022062e-05,8.68001110993491e-09,6.55236e-06,1740.0,1740.0,1740.0,7251.0,0,65.0,66.0,5.0,10.0,50,1000,captured,0,2.14.0+cu130,8.4.148,0.16.0+g796e8ada,595.71.05,1,1,2026-10-03T23:06:41+00:00,no_persistence_mode,
0e79b1208c6a682d,A40,default,fp32,ConvPool,"ConvPool[64->64,p=12352]@32x64x32","{""input"": {""dtype"": ""float32"", ""kind"": ""tensor"", ""shape"": [32, 64, 32]}, ""module"": {""buffers"": [], ""cls"": ""ConvPool"", ""modules"": [{""a"": {}, ""cls"": ""ConvPool"", ""n"": """"}, {""a"": {""dilation"": [1], ""groups"": 1, ""in_channels"": 64, ""kernel_size"": [3], ""out_channels"": 64, ""padding"": [1], ""stride"": [1]}, ""cls"": ""Conv1d"", ""n"": ""conv""}, {""a"": {}, ""cls"": ""ReLU"", ""n"": ""act""}, {""a"": {""dilation"": 1, ""kernel_size"": 2, ""padding"": 0, ""stride"": 2}, ""cls"": ""MaxPool1d"", ""n"": ""pool""}], ""params"": [{""dt"": ""float32"", ""n"": ""conv.weight"", ""s"": [64, 64, 3]}, {""dt"": ""float32"", ""n"": ""conv.bias"", ""s"": [64]}]}, ""sig_version"": 1}","{""kind"": ""tensor"", ""shape"": [32, 64, 32], ""dtype"": ""float32""}",0.00764815454096684,7.39697587094107e-05,103.395694056709,66623,3,7.46369666483068e-05,1.43133885993617e-07,1.985486e-05,1740.0,1740.0,1740.0,7251.0,0,67.0,67.0,5.0,10.0,50,1000,captured,0,2.14.0+cu130,8.4.148,0.16.0+g796e8ada,595.71.05,1,1,2026-10-03T22:53:27+00:00,no_persistence_mode,
1280915c68018e82,A40,default,fp32,ConvPool,"ConvPool[64->64,p=12352]@32x64x16","{""input"": {""dtype"": ""float32"", ""kind"": ""tensor"", ""shape"": [32, 64, 16]}, ""module"": {""buffers"": [], ""cls"": ""ConvPool"", ""modules"": [{""a"": {}, ""cls"": ""ConvPool"", ""n"": """"}, {""a"": {""dilation"": [1], ""groups"": 1, ""in_channels"": 64, ""kernel_size"": [3], ""out_channels"": 64, ""padding"": [1], ""stride"": [1]}, ""cls"": ""Conv1d"", ""n"": ""conv""}, {""a"": {}, ""cls"": ""ReLU"", ""n"": ""act""}, {""a"": {""dilation"": 1, ""kernel_size"": 2, ""padding"": 0, ""stride"": 2}, ""cls"": ""MaxPool1d"", ""n"": ""pool""}], ""params"": [{""dt"": ""float32"", ""n"": ""conv.weight"", ""s"": [64, 64, 3]}, {""dt"": ""float32"", ""n"": ""conv.bias"", ""s"": [64]}]}, ""sig_version"": 1}","{""kind"": ""tensor"", ""shape"": [32, 64, 16], ""dtype"": ""float32""}",0.00752461572758134,7.39558109366443e-05,101.744753147625,67335,3,5.52380964792959e-05,1.5228397131504e-07,1.929378e-05,1740.0,1740.0,1740.0,7251.0,0,66.0,67.0,5.0,10.0,50,1000,captured,0,2.14.0+cu130,8.4.148,0.16.0+g796e8ada,595.71.05,1,1,2026-10-03T22:54:12+00:00,no_persistence_mode,
16271fb31a81fcf5,A40,default,fp32,DenseSELU,DenseSELU[512->128]@32x512,"{""input"": {""dtype"": ""float32"", ""kind"": ""tensor"", ""shape"": [32, 512]}, ""module"": {""buffers"": [], ""cls"": ""DenseSELU"", ""modules"": [{""a"": {}, ""cls"": ""DenseSELU"", ""n"": """"}, {""a"": {""in_features"": 512, ""out_features"": 128}, ""cls"": ""Linear"", ""n"": ""fc""}, {""a"": {}, ""cls"": ""SELU"", ""n"": ""act""}, {""a"": {""p"": 0.3}, ""cls"": ""AlphaDropout"", ""n"": ""drop""}], ""params"": [{""dt"": ""float32"", ""n"": ""fc.weight"", ""s"": [128, 512]}, {""dt"": ""float32"", ""n"": ""fc.bias"", ""s"": [128]}]}, ""sig_version"": 1}","{""kind"": ""tensor"", ""shape"": [32, 512], ""dtype"": ""float32""}",0.00372570542588373,3.82698068321721e-05,97.3536512013867,129638,3,3.75689424595023e-05,1.5099257302315e-08,7.56804000000002e-06,1740.0,1740.0,1740.0,7251.0,0,65.0,66.0,5.0,10.0,50,1000,captured,0,2.14.0+cu130,8.4.148,0.16.0+g796e8ada,595.71.05,1,1,2026-10-03T22:55:42+00:00,no_persistence_mode,
1fe06ba3d8b42abc,A40,default,fp32,ConvPool,"ConvPool[2->64,p=448]@256x2x1024","{""input"": {""dtype"": ""float32"", ""kind"": ""tensor"", ""shape"": [256, 2, 1024]}, ""module"": {""buffers"": [], ""cls"": ""ConvPool"", ""modules"": [{""a"": {}, ""cls"": ""ConvPool"", ""n"": """"}, {""a"": {""dilation"": [1], ""groups"": 1, ""in_channels"": 2, ""kernel_size"": [3], ""out_channels"": 64, ""padding"": [1], ""stride"": [1]}, ""cls"": ""Conv1d"", ""n"": ""conv""}, {""a"": {}, ""cls"": ""ReLU"", ""n"": ""act""}, {""a"": {""dilation"": 1, ""kernel_size"": 2, ""padding"": 0, ""stride"": 2}, ""cls"": ""MaxPool1d"", ""n"": ""pool""}], ""params"": [{""dt"": ""float32"", ""n"": ""conv.weight"", ""s"": [64, 2, 3]}, {""dt"": ""float32"", ""n"": ""conv.bias"", ""s"": [64]}]}, ""sig_version"": 1}","{""kind"": ""tensor"", ""shape"": [256, 2, 1024], ""dtype"": ""float32""}",0.24828629554233,0.000925900955087314,268.156430963954,5407,3,0.0024740925214976,8.46388563918024e-07,0.000923000739999999,1740.0,1740.0,1740.0,7251.0,0,68.0,80.0,5.0,10.0,50,1000,captured,0,2.14.0+cu130,8.4.148,0.16.0+g796e8ada,595.71.05,1,1,2026-10-03T22:59:52+00:00,temp_delta=12C;no_persistence_mode,
27631316b07bc57b,A40,default,fp32,ConvPool,"ConvPool[64->64,p=12352]@32x64x128","{""input"": {""dtype"": ""float32"", ""kind"": ""tensor"", ""shape"": [32, 64, 128]}, ""module"": {""buffers"": [], ""cls"": ""ConvPool"", ""modules"": [{""a"": {}, ""cls"": ""ConvPool"", ""n"": """"}, {""a"": {""dilation"": [1], ""groups"": 1, ""in_channels"": 64, ""kernel_size"": [3], ""out_channels"": 64, ""padding"": [1], ""stride"": [1]}, ""cls"": ""Conv1d"", ""n"": ""conv""}, {""a"": {}, ""cls"": ""ReLU"", ""n"": ""act""}, {""a"": {""dilation"": 1, ""kernel_size"": 2, ""padding"": 0, ""stride"": 2}, ""cls"": ""MaxPool1d"", ""n"": ""pool""}], ""params"": [{""dt"": ""float32"", ""n"": ""conv.weight"", ""s"": [64, 64, 3]}, {""dt"": ""float32"", ""n"": ""conv.bias"", ""s"": [64]}]}, ""sig_version"": 1}","{""kind"": ""tensor"", ""shape"": [32, 64, 128], ""dtype"": ""float32""}",0.00952424699493694,7.55631502500982e-05,126.043540580477,65637,3,9.59331451150602e-05,1.49960855953421e-07,2.31239999999999e-05,1740.0,1740.0,1740.0,7251.0,0,67.0,70.0,5.0,10.0,50,1000,captured,0,2.14.0+cu130,8.4.148,0.16.0+g796e8ada,595.71.05,1,1,2026-10-03T22:51:57+00:00,no_persistence_mode,
2e6cff0015d4ab12,A40,default,fp32,LastStepClassifier,LastStepClassifier[128->24]@32x1024x128,"{""input"": {""dtype"": ""float32"", ""kind"": ""tensor"", ""shape"": [32, 1024, 128]}, ""module"": {""buffers"": [], ""cls"": ""LastStepClassifier"", ""modules"": [{""a"": {}, ""cls"": ""LastStepClassifier"", ""n"": """"}, {""a"": {""in_features"": 128, ""out_features"": 24}, ""cls"": ""Linear"", ""n"": ""fc""}, {""a"": {""dim"": -1}, ""cls"": ""Softmax"", ""n"": ""softmax""}], ""params"": [{""dt"": ""float32"", ""n"": ""fc.weight"", ""s"": [24, 128]}, {""dt"": ""float32"", ""n"": ""fc.bias"", ""s"": [24]}]}, ""sig_version"": 1}","{""kind"": ""tensor"", ""shape"": [32, 1024, 128], ""dtype"": ""float32""}",0.00327124014670029,3.24192933908105e-05,100.904116177546,153377,3,4.41020617873152e-05,4.31153639313218e-08,7.24416000000004e-06,1740.0,1740.0,1740.0,7251.0,0,69.0,69.0,5.0,3.0,50,1000,captured,0,2.14.0+cu130,8.4.148,0.16.0,595.71.05,1,1,2026-10-03T18:26:59+00:00,no_persistence_mode,
3126292238d21487,A40,default,fp32,LSTMLayer,LSTMLayer[2->128]@32x1024x2,"{""input"": {""dtype"": ""float32"", ""kind"": ""tensor"", ""shape"": [32, 1024, 2]}, ""module"": {""buffers"": [], ""cls"": ""LSTMLayer"", ""modules"": [{""a"": {}, ""cls"": ""LSTMLayer"", ""n"": """"}, {""a"": {""batch_first"": true, ""bias"": true, ""bidirectional"": false, ""dropout"": 0.0, ""hidden_size"": 128, ""input_size"": 2, ""num_layers"": 1, ""proj_size"": 0}, ""cls"": ""LSTM"", ""n"": ""lstm""}], ""params"": [{""dt"": ""float32"", ""n"": ""lstm.weight_ih_l0"", ""s"": [512, 2]}, {""dt"": ""float32"", ""n"": ""lstm.weight_hh_l0"", ""s"": [512, 128]}, {""dt"": ""float32"", ""n"": ""lstm.bias_ih_l0"", ""s"": [512]}, {""dt"": ""float32"", ""n"": ""lstm.bias_hh_l0"", ""s"": [512]}]}, ""sig_version"": 1}","{""kind"": ""tensor"", ""shape"": [32, 1024, 2], ""dtype"": ""float32""}",0.42954214016032,0.00236841754028291,181.362505915663,2112,3,0.00196504655344174,1.6566981111085e-06,0.00236468434,1740.0,1740.0,1740.0,7251.0,0,69.0,75.0,5.0,3.0,50,1000,captured,0,2.14.0+cu130,8.4.148,0.16.0,595.71.05,1,1,2026-10-03T18:26:03+00:00,temp_delta=6C;no_persistence_mode,
3deebf1706fdc40b,A40,default,fp32,ResidualStack,"ResidualStack[32->32,p=13472]@32x32x512","{""input"": {""dtype"": ""float32"", ""kind"": ""tensor"", ""shape"": [32, 32, 512]}, ""module"": {""buffers"": [], ""cls"": ""ResidualStack"", ""modules"": [{""a"": {}, ""cls"": ""ResidualStack"", ""n"": """"}, {""a"": {""dilation"": [1], ""groups"": 1, ""in_channels"": 32, ""kernel_size"": [1], ""out_channels"": 32, ""padding"": [0], ""stride"": [1]}, ""cls"": ""Conv1d"", ""n"": ""conv""}, {""a"": {}, ""cls"": ""ResidualUnit"", ""n"": ""unit1""}, {""a"": {""dilation"": [1], ""groups"": 1, ""in_channels"": 32, ""kernel_size"": [3], ""out_channels"": 32, ""padding"": [1], ""stride"": [1]}, ""cls"": ""Conv1d"", ""n"": ""unit1.conv1""}, {""a"": {}, ""cls"": ""ReLU"", ""n"": ""unit1.act""}, {""a"": {""dilation"": [1], ""groups"": 1, ""in_channels"": 32, ""kernel_size"": [3], ""out_channels"": 32, ""padding"": [1], ""stride"": [1]}, ""cls"": ""Conv1d"", ""n"": ""unit1.conv2""}, {""a"": {}, ""cls"": ""ResidualUnit"", ""n"": ""unit2""}, {""a"": {""dilation"": [1], ""groups"": 1, ""in_channels"": 32, ""kernel_size"": [3], ""out_channels"": 32, ""padding"": [1], ""stride"": [1]}, ""cls"": ""Conv1d"", ""n"": ""unit2.conv1""}, {""a"": {}, ""cls"": ""ReLU"", ""n"": ""unit2.act""}, {""a"": {""dilation"": [1], ""groups"": 1, ""in_channels"": 32, ""kernel_size"": [3], ""out_channels"": 32, ""padding"": [1], ""stride"": [1]}, ""cls"": ""Conv1d"", ""n"": ""unit2.conv2""}, {""a"": {""dilation"": 1, ""kernel_size"": 2, ""padding"": 0, ""stride"": 2}, ""cls"": ""MaxPool1d"", ""n"": ""pool""}], ""params"": [{""dt"": ""float32"", ""n"": ""conv.weight"", ""s"": [32, 32, 1]}, {""dt"": ""float32"", ""n"": ""conv.bias"", ""s"": [32]}, {""dt"": ""float32"", ""n"": ""unit1.conv1.weight"", ""s"": [32, 32, 3]}, {""dt"": ""float32"", ""n"": ""unit1.conv1.bias"", ""s"": [32]}, {""dt"": ""float32"", ""n"": ""unit1.conv2.weight"", ""s"": [32, 32, 3]}, {""dt"": ""float32"", ""n"": ""unit1.conv2.bias"", ""s"": [32]}, {""dt"": ""float32"", ""n"": ""unit2.conv1.weight"", ""s"": [32, 32, 3]}, {""dt"": ""float32"", ""n"": ""unit2.conv1.bias"", ""s"": [32]}, {""dt"": ""float32"", ""n"": ""unit2.conv2.weight"", ""s"": [32, 32, 3]}, {""dt"": ""float32"", ""n"": ""unit2.conv2.bias"", ""s"": [32]}]}, ""sig_version"": 1}","{""kind"": ""tensor"", ""shape"": [32, 32, 512], ""dtype"": ""float32""}",0.0410750972948568,0.000238513199649459,172.213099129207,20813,3,0.000398901124320584,2.88685662599619e-07,0.0001303977,1740.0,1740.0,1740.0,7251.0,0,69.0,74.0,5.0,3.0,50,1000,captured,0,2.14.0+cu130,8.4.148,0.16.0,595.71.05,1,1,2026-10-03T18:23:29+00:00,no_persistence_mode,
46313e35239090f1,A40,default,fp32,Flatten,Flatten[p=0]@256x64x8,"{""input"": {""dtype"": ""float32"", ""kind"": ""tensor"", ""shape"": [256, 64, 8]}, ""module"": {""buffers"": [], ""cls"": ""Flatten"", ""modules"": [{""a"": {""end_dim"": -1, ""start_dim"": 1}, ""cls"": ""Flatten"", ""n"": """"}], ""params"": []}, ""sig_version"": 1}","{""kind"": ""tensor"", ""shape"": [256, 64, 8], ""dtype"": ""float32""}",0.000321514946314054,3.45758049472822e-06,92.988419735786,1426506,3,2.25204231790871e-06,4.72112006148939e-09,0.0,1740.0,1740.0,1740.0,7251.0,0,67.0,67.0,5.0,10.0,50,1000,captured,0,2.14.0+cu130,8.4.148,0.16.0+g796e8ada,595.71.05,1,1,2026-10-03T23:05:11+00:00,no_persistence_mode,
4aa36fd0c98f45f0,A40,default,fp32,ConvPool,"ConvPool[2->64,p=448]@32x2x1024","{""input"": {""dtype"": ""float32"", ""kind"": ""tensor"", ""shape"": [32, 2, 1024]}, ""module"": {""buffers"": [], ""cls"": ""ConvPool"", ""modules"": [{""a"": {}, ""cls"": ""ConvPool"", ""n"": """"}, {""a"": {""dilation"": [1], ""groups"": 1, ""in_channels"": 2, ""kernel_size"": [3], ""out_channels"": 64, ""padding"": [1], ""stride"": [1]}, ""cls"": ""Conv1d"", ""n"": ""conv""}, {""a"": {}, ""cls"": ""ReLU"", ""n"": ""act""}, {""a"": {""dilation"": 1, ""kernel_size"": 2, ""padding"": 0, ""stride"": 2}, ""cls"": ""MaxPool1d"", ""n"": ""pool""}], ""params"": [{""dt"": ""float32"", ""n"": ""conv.weight"", ""s"": [64, 2, 3]}, {""dt"": ""float32"", ""n"": ""conv.bias"", ""s"": [64]}]}, ""sig_version"": 1}","{""kind"": ""tensor"", ""shape"": [32, 2, 1024], ""dtype"": ""float32""}",0.0285406834238878,0.000120234545587938,237.375067908529,41614,3,0.000444965453201363,5.77252075876143e-08,0.00011861244,1740.0,1740.0,1740.0,7251.0,0,58.0,68.0,5.0,10.0,50,1000,captured,0,2.14.0+cu130,8.4.148,0.16.0+g796e8ada,595.71.05,1,1,2026-10-03T22:49:41+00:00,temp_delta=10C;no_persistence_mode,
4c32f8878ec0a1be,A40,default,fp32,Classifier,Classifier[128->24]@32x128,"{""input"": {""dtype"": ""float32"", ""kind"": ""tensor"", ""shape"": [32, 128]}, ""module"": {""buffers"": [], ""cls"": ""Classifier"", ""modules"": [{""a"": {}, ""cls"": ""Classifier"", ""n"": """"}, {""a"": {""in_features"": 128, ""out_features"": 24}, ""cls"": ""Linear"", ""n"": ""fc""}, {""a"": {""dim"": -1}, ""cls"": ""Softmax"", ""n"": ""softmax""}], ""params"": [{""dt"": ""float32"", ""n"": ""fc.weight"", ""s"": [24, 128]}, {""dt"": ""float32"", ""n"": ""fc.bias"", ""s"": [24]}]}, ""sig_version"": 1}","{""kind"": ""tensor"", ""shape"": [32, 128], ""dtype"": ""float32""}",0.00278176122913568,2.83916602757728e-05,97.9781105478152,174946,3,7.07533287648932e-06,2.83683406303303e-08,7.20704000000001e-06,1740.0,1740.0,1740.0,7251.0,0,66.0,66.0,5.0,10.0,50,1000,captured,0,2.14.0+cu130,8.4.148,0.16.0+g796e8ada,595.71.05,1,1,2026-10-03T22:57:12+00:00,no_persistence_mode,
53de420859514dd7,A40,default,fp32,ResidualStack,"ResidualStack[32->32,p=13472]@256x32x128","{""input"": {""dtype"": ""float32"", ""kind"": ""tensor"", ""shape"": [256, 32, 128]}, ""module"": {""buffers"": [], ""cls"": ""ResidualStack"", ""modules"": [{""a"": {}, ""cls"": ""ResidualStack"", ""n"": """"}, {""a"": {""dilation"": [1], ""groups"": 1, ""in_channels"": 32, ""kernel_size"": [1], ""out_channels"": 32, ""padding"": [0], ""stride"": [1]}, ""cls"": ""Conv1d"", ""n"": ""conv""}, {""a"": {}, ""cls"": ""ResidualUnit"", ""n"": ""unit1""}, {""a"": {""dilation"": [1], ""groups"": 1, ""in_channels"": 32, ""kernel_size"": [3], ""out_channels"": 32, ""padding"": [1], ""stride"": [1]}, ""cls"": ""Conv1d"", ""n"": ""unit1.conv1""}, {""a"": {}, ""cls"": ""ReLU"", ""n"": ""unit1.act""}, {""a"": {""dilation"": [1], ""groups"": 1, ""in_channels"": 32, ""kernel_size"": [3], ""out_channels"": 32, ""padding"": [1], ""stride"": [1]}, ""cls"": ""Conv1d"", ""n"": ""unit1.conv2""}, {""a"": {}, ""cls"": ""ResidualUnit"", ""n"": ""unit2""}, {""a"": {""dilation"": [1], ""groups"": 1, ""in_channels"": 32, ""kernel_size"": [3], ""out_channels"": 32, ""padding"": [1], ""stride"": [1]}, ""cls"": ""Conv1d"", ""n"": ""unit2.conv1""}, {""a"": {}, ""cls"": ""ReLU"", ""n"": ""unit2.act""}, {""a"": {""dilation"": [1], ""groups"": 1, ""in_channels"": 32, ""kernel_size"": [3], ""out_channels"": 32, ""padding"": [1], ""stride"": [1]}, ""cls"": ""Conv1d"", ""n"": ""unit2.conv2""}, {""a"": {""dilation"": 1, ""kernel_size"": 2, ""padding"": 0, ""stride"": 2}, ""cls"": ""MaxPool1d"", ""n"": ""pool""}], ""params"": [{""dt"": ""float32"", ""n"": ""conv.weight"", ""s"": [32, 32, 1]}, {""dt"": ""float32"", ""n"": ""conv.bias"", ""s"": [32]}, {""dt"": ""float32"", ""n"": ""unit1.conv1.weight"", ""s"": [32, 32, 3]}, {""dt"": ""float32"", ""n"": ""unit1.conv1.bias"", ""s"": [32]}, {""dt"": ""float32"", ""n"": ""unit1.conv2.weight"", ""s"": [32, 32, 3]}, {""dt"": ""float32"", ""n"": ""unit1.conv2.bias"", ""s"": [32]}, {""dt"": ""float32"", ""n"": ""unit2.conv1.weight"", ""s"": [32, 32, 3]}, {""dt"": ""float32"", ""n"": ""unit2.conv1.bias"", ""s"": [32]}, {""dt"": ""float32"", ""n"": ""unit2.conv2.weight"", ""s"": [32, 32, 3]}, {""dt"": ""float32"", ""n"": ""unit2.conv2.bias"", ""s"": [32]}]}, ""sig_version"": 1}","{""kind"": ""tensor"", ""shape"": [256, 32, 128], ""dtype"": ""float32""}",0.0660318499997258,0.000248344051837921,265.888590892528,20000,3,0.000359246890351758,3.89069656971119e-07,0.000221158519999999,1740.0,1740.0,1740.0,7251.0,0,71.0,82.0,5.0,3.0,50,1000,captured,0,2.14.0+cu130,8.4.148,0.16.0,595.71.05,1,1,2026-10-03T18:35:10+00:00,temp_delta=11C;no_persistence_mode,
55bf44ca076ddf69,A40,default,fp32,ConvPool,"ConvPool[64->64,p=12352]@32x64x64","{""input"": {""dtype"": ""float32"", ""kind"": ""tensor"", ""shape"": [32, 64, 64]}, ""module"": {""buffers"": [], ""cls"": ""ConvPool"", ""modules"": [{""a"": {}, ""cls"": ""ConvPool"", ""n"": """"}, {""a"": {""dilation"": [1], ""groups"": 1, ""in_channels"": 64, ""kernel_size"": [3], ""out_channels"": 64, ""padding"": [1], ""stride"": [1]}, ""cls"": ""Conv1d"", ""n"": ""conv""}, {""a"": {}, ""cls"": ""ReLU"", ""n"": ""act""}, {""a"": {""dilation"": 1, ""kernel_size"": 2, ""padding"": 0, ""stride"": 2}, ""cls"": ""MaxPool1d"", ""n"": ""pool""}], ""params"": [{""dt"": ""float32"", ""n"": ""conv.weight"", ""s"": [64, 64, 3]}, {""dt"": ""float32"", ""n"": ""conv.bias"", ""s"": [64]}]}, ""sig_version"": 1}","{""kind"": ""tensor"", ""shape"": [32, 64, 64], ""dtype"": ""float32""}",0.00850009208947441,7.61768071915002e-05,111.58372742121,65154,3,9.06580958815736e-05,1.44181153181755e-07,2.050524e-05,1740.0,1740.0,1740.0,7251.0,0,67.0,69.0,5.0,10.0,50,1000,captured,0,2.14.0+cu130,8.4.148,0.16.0+g796e8ada,595.71.05,1,1,2026-10-03T22:52:42+00:00,no_persistence_mode,
593f480bb747b974,A40,default,fp32,ResidualStack,"ResidualStack[32->32,p=13472]@256x32x64","{""input"": {""dtype"": ""float32"", ""kind"": ""tensor"", ""shape"": [256, 32, 64]}, ""module"": {""buffers"": [], ""cls"": ""ResidualStack"", ""modules"": [{""a"": {}, ""cls"": ""ResidualStack"", ""n"": """"}, {""a"": {""dilation"": [1], ""groups"": 1, ""in_channels"": 32, ""kernel_size"": [1], ""out_channels"": 32, ""padding"": [0], ""stride"": [1]}, ""cls"": ""Conv1d"", ""n"": ""conv""}, {""a"": {}, ""cls"": ""ResidualUnit"", ""n"": ""unit1""}, {""a"": {""dilation"": [1], ""groups"": 1, ""in_channels"": 32, ""kernel_size"": [3], ""out_channels"": 32, ""padding"": [1], ""stride"": [1]}, ""cls"": ""Conv1d"", ""n"": ""unit1.conv1""}, {""a"": {}, ""cls"": ""ReLU"", ""n"": ""unit1.act""}, {""a"": {""dilation"": [1], ""groups"": 1, ""in_channels"": 32, ""kernel_size"": [3], ""out_channels"": 32, ""padding"": [1], ""stride"": [1]}, ""cls"": ""Conv1d"", ""n"": ""unit1.conv2""}, {""a"": {}, ""cls"": ""ResidualUnit"", ""n"": ""unit2""}, {""a"": {""dilation"": [1], ""groups"": 1, ""in_channels"": 32, ""kernel_size"": [3], ""out_channels"": 32, ""padding"": [1], ""stride"": [1]}, ""cls"": ""Conv1d"", ""n"": ""unit2.conv1""}, {""a"": {}, ""cls"": ""ReLU"", ""n"": ""unit2.act""}, {""a"": {""dilation"": [1], ""groups"": 1, ""in_channels"": 32, ""kernel_size"": [3], ""out_channels"": 32, ""padding"": [1], ""stride"": [1]}, ""cls"": ""Conv1d"", ""n"": ""unit2.conv2""}, {""a"": {""dilation"": 1, ""kernel_size"": 2, ""padding"": 0, ""stride"": 2}, ""cls"": ""MaxPool1d"", ""n"": ""pool""}], ""params"": [{""dt"": ""float32"", ""n"": ""conv.weight"", ""s"": [32, 32, 1]}, {""dt"": ""float32"", ""n"": ""conv.bias"", ""s"": [32]}, {""dt"": ""float32"", ""n"": ""unit1.conv1.weight"", ""s"": [32, 32, 3]}, {""dt"": ""float32"", ""n"": ""unit1.conv1.bias"", ""s"": [32]}, {""dt"": ""float32"", ""n"": ""unit1.conv2.weight"", ""s"": [32, 32, 3]}, {""dt"": ""float32"", ""n"": ""unit1.conv2.bias"", ""s"": [32]}, {""dt"": ""float32"", ""n"": ""unit2.conv1.weight"", ""s"": [32, 32, 3]}, {""dt"": ""float32"", ""n"": ""unit2.conv1.bias"", ""s"": [32]}, {""dt"": ""float32"", ""n"": ""unit2.conv2.weight"", ""s"": [32, 32, 3]}, {""dt"": ""float32"", ""n"": ""unit2.conv2.bias"", ""s"": [32]}]}, ""sig_version"": 1}","{""kind"": ""tensor"", ""shape"": [256, 32, 64], ""dtype"": ""float32""}",0.0420308608019721,0.000248304799326554,169.271238075008,19993,3,0.000479207654651609,2.09823053168581e-07,0.000130823139999999,1740.0,1740.0,1740.0,7251.0,0,69.0,74.0,5.0,3.0,50,1000,captured,0,2.14.0+cu130,8.4.148,0.16.0,595.71.05,1,1,2026-10-03T18:35:35+00:00,no_persistence_mode,
7029da0845c2c205,A40,default,fp32,ConvPool,"ConvPool[64->64,p=12352]@32x64x256","{""input"": {""dtype"": ""float32"", ""kind"": ""tensor"", ""shape"": [32, 64, 256]}, ""module"": {""buffers"": [], ""cls"": ""ConvPool"", ""modules"": [{""a"": {}, ""cls"": ""ConvPool"", ""n"": """"}, {""a"": {""dilation"": [1], ""groups"": 1, ""in_channels"": 64, ""kernel_size"": [3], ""out_channels"": 64, ""padding"": [1], ""stride"": [1]}, ""cls"": ""Conv1d"", ""n"": ""conv""}, {""a"": {}, ""cls"": ""ReLU"", ""n"": ""act""}, {""a"": {""dilation"": 1, ""kernel_size"": 2, ""padding"": 0, ""stride"": 2}, ""cls"": ""MaxPool1d"", ""n"": ""pool""}], ""params"": [{""dt"": ""float32"", ""n"": ""conv.weight"", ""s"": [64, 64, 3]}, {""dt"": ""float32"", ""n"": ""conv.bias"", ""s"": [64]}]}, ""sig_version"": 1}","{""kind"": ""tensor"", ""shape"": [32, 64, 256], ""dtype"": ""float32""}",0.0124629922224314,7.55043138335118e-05,165.063313467261,65189,3,9.68986762020573e-05,1.69905589198147e-07,3.53790800000001e-05,1740.0,1740.0,1740.0,7251.0,0,67.0,72.0,5.0,10.0,50,1000,captured,0,2.14.0+cu130,8.4.148,0.16.0+g796e8ada,595.71.05,1,1,2026-10-03T22:51:12+00:00,no_persistence_mode,
7393e8215d10caea,A40,default,fp32,ResidualStack,"ResidualStack[32->32,p=13472]@32x32x32","{""input"": {""dtype"": ""float32"", ""kind"": ""tensor"", ""shape"": [32, 32, 32]}, ""module"": {""buffers"": [], ""cls"": ""ResidualStack"", ""modules"": [{""a"": {}, ""cls"": ""ResidualStack"", ""n"": """"}, {""a"": {""dilation"": [1], ""groups"": 1, ""in_channels"": 32, ""kernel_size"": [1], ""out_channels"": 32, ""padding"": [0], ""stride"": [1]}, ""cls"": ""Conv1d"", ""n"": ""conv""}, {""a"": {}, ""cls"": ""ResidualUnit"", ""n"": ""unit1""}, {""a"": {""dilation"": [1], ""groups"": 1, ""in_channels"": 32, ""kernel_size"": [3], ""out_channels"": 32, ""padding"": [1], ""stride"": [1]}, ""cls"": ""Conv1d"", ""n"": ""unit1.conv1""}, {""a"": {}, ""cls"": ""ReLU"", ""n"": ""unit1.act""}, {""a"": {""dilation"": [1], ""groups"": 1, ""in_channels"": 32, ""kernel_size"": [3], ""out_channels"": 32, ""padding"": [1], ""stride"": [1]}, ""cls"": ""Conv1d"", ""n"": ""unit1.conv2""}, {""a"": {}, ""cls"": ""ResidualUnit"", ""n"": ""unit2""}, {""a"": {""dilation"": [1], ""groups"": 1, ""in_channels"": 32, ""kernel_size"": [3], ""out_channels"": 32, ""padding"": [1], ""stride"": [1]}, ""cls"": ""Conv1d"", ""n"": ""unit2.conv1""}, {""a"": {}, ""cls"": ""ReLU"", ""n"": ""unit2.act""}, {""a"": {""dilation"": [1], ""groups"": 1, ""in_channels"": 32, ""kernel_size"": [3], ""out_channels"": 32, ""padding"": [1], ""stride"": [1]}, ""cls"": ""Conv1d"", ""n"": ""unit2.conv2""}, {""a"": {""dilation"": 1, ""kernel_size"": 2, ""padding"": 0, ""stride"": 2}, ""cls"": ""MaxPool1d"", ""n"": ""pool""}], ""params"": [{""dt"": ""float32"", ""n"": ""conv.weight"", ""s"": [32, 32, 1]}, {""dt"": ""float32"", ""n"": ""conv.bias"", ""s"": [32]}, {""dt"": ""float32"", ""n"": ""unit1.conv1.weight"", ""s"": [32, 32, 3]}, {""dt"": ""float32"", ""n"": ""unit1.conv1.bias"", ""s"": [32]}, {""dt"": ""float32"", ""n"": ""unit1.conv2.weight"", ""s"": [32, 32, 3]}, {""dt"": ""float32"", ""n"": ""unit1.conv2.bias"", ""s"": [32]}, {""dt"": ""float32"", ""n"": ""unit2.conv1.weight"", ""s"": [32, 32, 3]}, {""dt"": ""float32"", ""n"": ""unit2.conv1.bias"", ""s"": [32]}, {""dt"": ""float32"", ""n"": ""unit2.conv2.weight"", ""s"": [32, 32, 3]}, {""dt"": ""float32"", ""n"": ""unit2.conv2.bias"", ""s"": [32]}]}, ""sig_version"": 1}","{""kind"": ""tensor"", ""shape"": [32, 32, 32], ""dtype"": ""float32""}",0.021804401788188,0.000204833862147504,106.449205026883,24172,3,1.23098143437272e-05,4.13669707045444e-07,4.694366e-05,1740.0,1740.0,1740.0,7251.0,0,68.0,69.0,5.0,3.0,50,1000,captured,0,2.14.0+cu130,8.4.148,0.16.0,595.71.05,1,1,2026-10-03T18:25:08+00:00,no_persistence_mode,
7ee554b7b7de5588,A40,default,fp32,LastStepClassifier,LastStepClassifier[128->24]@256x1024x128,"{""input"": {""dtype"": ""float32"", ""kind"": ""tensor"", ""shape"": [256, 1024, 128]}, ""module"": {""buffers"": [], ""cls"": ""LastStepClassifier"", ""modules"": [{""a"": {}, ""cls"": ""LastStepClassifier"", ""n"": """"}, {""a"": {""in_features"": 128, ""out_features"": 24}, ""cls"": ""Linear"", ""n"": ""fc""}, {""a"": {""dim"": -1}, ""cls"": ""Softmax"", ""n"": ""softmax""}], ""params"": [{""dt"": ""float32"", ""n"": ""fc.weight"", ""s"": [24, 128]}, {""dt"": ""float32"", ""n"": ""fc.bias"", ""s"": [24]}]}, ""sig_version"": 1}","{""kind"": ""tensor"", ""shape"": [256, 1024, 128], ""dtype"": ""float32""}",0.00321667204659704,3.34155108689082e-05,96.2628421039651,148704,3,6.82552613912986e-05,5.60125302885514e-08,7.26462000000002e-06,1740.0,1740.0,1740.0,7251.0,0,63.0,63.0,5.0,3.0,50,1000,captured,0,2.14.0+cu130,8.4.148,0.16.0,595.71.05,1,1,2026-10-03T18:38:33+00:00,no_persistence_mode,
80d318443f60409a,A40,default,fp32,ConvPool,"ConvPool[64->64,p=12352]@256x64x64","{""input"": {""dtype"": ""float32"", ""kind"": ""tensor"", ""shape"": [256, 64, 64]}, ""module"": {""buffers"": [], ""cls"": ""ConvPool"", ""modules"": [{""a"": {}, ""cls"": ""ConvPool"", ""n"": """"}, {""a"": {""dilation"": [1], ""groups"": 1, ""in_channels"": 64, ""kernel_size"": [3], ""out_channels"": 64, ""padding"": [1], ""stride"": [1]}, ""cls"": ""Conv1d"", ""n"": ""conv""}, {""a"": {}, ""cls"": ""ReLU"", ""n"": ""act""}, {""a"": {""dilation"": 1, ""kernel_size"": 2, ""padding"": 0, ""stride"": 2}, ""cls"": ""MaxPool1d"", ""n"": ""pool""}], ""params"": [{""dt"": ""float32"", ""n"": ""conv.weight"", ""s"": [64, 64, 3]}, {""dt"": ""float32"", ""n"": ""conv.bias"", ""s"": [64]}]}, ""sig_version"": 1}","{""kind"": ""tensor"", ""shape"": [256, 64, 64], ""dtype"": ""float32""}",0.0196275159878395,7.86232307330627e-05,249.640161118254,63643,3,0.000162394981004865,1.1733255479606e-08,7.57438599999999e-05,1740.0,1740.0,1740.0,7251.0,0,70.0,80.0,5.0,10.0,50,1000,captured,0,2.14.0+cu130,8.4.148,0.16.0+g796e8ada,595.71.05,1,1,2026-10-03T23:02:56+00:00,temp_delta=10C;no_persistence_mode,
80f8bf70347d00b1,A40,default,fp32,LSTMLayer,LSTMLayer[128->128]@256x1024x128,"{""input"": {""dtype"": ""float32"", ""kind"": ""tensor"", ""shape"": [256, 1024, 128]}, ""module"": {""buffers"": [], ""cls"": ""LSTMLayer"", ""modules"": [{""a"": {}, ""cls"": ""LSTMLayer"", ""n"": """"}, {""a"": {""batch_first"": true, ""bias"": true, ""bidirectional"": false, ""dropout"": 0.0, ""hidden_size"": 128, ""input_size"": 128, ""num_layers"": 1, ""proj_size"": 0}, ""cls"": ""LSTM"", ""n"": ""lstm""}], ""params"": [{""dt"": ""float32"", ""n"": ""lstm.weight_ih_l0"", ""s"": [512, 128]}, {""dt"": ""float32"", ""n"": ""lstm.weight_hh_l0"", ""s"": [512, 128]}, {""dt"": ""float32"", ""n"": ""lstm.bias_ih_l0"", ""s"": [512]}, {""dt"": ""float32"", ""n"": ""lstm.bias_hh_l0"", ""s"": [512]}]}, ""sig_version"": 1}","{""kind"": ""tensor"", ""shape"": [256, 1024, 128], ""dtype"": ""float32""}",2.58126455030324,0.00880853839652248,293.041187323687,567,3,0.0208056255436348,6.08618572572431e-06,0.00885120518,1740.0,1740.0,1740.0,7251.0,0,70.0,81.0,5.0,3.0,50,1000,captured,0,2.14.0+cu130,8.4.148,0.16.0,595.71.05,1,1,2026-10-03T18:38:09+00:00,temp_delta=11C;no_persistence_mode,
85bac86935fecd37,A40,default,fp32,ResidualStack,"ResidualStack[32->32,p=13472]@256x32x512","{""input"": {""dtype"": ""float32"", ""kind"": ""tensor"", ""shape"": [256, 32, 512]}, ""module"": {""buffers"": [], ""cls"": ""ResidualStack"", ""modules"": [{""a"": {}, ""cls"": ""ResidualStack"", ""n"": """"}, {""a"": {""dilation"": [1], ""groups"": 1, ""in_channels"": 32, ""kernel_size"": [1], ""out_channels"": 32, ""padding"": [0], ""stride"": [1]}, ""cls"": ""Conv1d"", ""n"": ""conv""}, {""a"": {}, ""cls"": ""ResidualUnit"", ""n"": ""unit1""}, {""a"": {""dilation"": [1], ""groups"": 1, ""in_channels"": 32, ""kernel_size"": [3], ""out_channels"": 32, ""padding"": [1], ""stride"": [1]}, ""cls"": ""Conv1d"", ""n"": ""unit1.conv1""}, {""a"": {}, ""cls"": ""ReLU"", ""n"": ""unit1.act""}, {""a"": {""dilation"": [1], ""groups"": 1, ""in_channels"": 32, ""kernel_size"": [3], ""out_channels"": 32, ""padding"": [1], ""stride"": [1]}, ""cls"": ""Conv1d"", ""n"": ""unit1.conv2""}, {""a"": {}, ""cls"": ""ResidualUnit"", ""n"": ""unit2""}, {""a"": {""dilation"": [1], ""groups"": 1, ""in_channels"": 32, ""kernel_size"": [3], ""out_channels"": 32, ""padding"": [1], ""stride"": [1]}, ""cls"": ""Conv1d"", ""n"": ""unit2.conv1""}, {""a"": {}, ""cls"": ""ReLU"", ""n"": ""unit2.act""}, {""a"": {""dilation"": [1], ""groups"": 1, ""in_channels"": 32, ""kernel_size"": [3], ""out_channels"": 32, ""padding"": [1], ""stride"": [1]}, ""cls"": ""Conv1d"", ""n"": ""unit2.conv2""}, {""a"": {""dilation"": 1, ""kernel_size"": 2, ""padding"": 0, ""stride"": 2}, ""cls"": ""MaxPool1d"", ""n"": ""pool""}], ""params"": [{""dt"": ""float32"", ""n"": ""conv.weight"", ""s"": [32, 32, 1]}, {""dt"": ""float32"", ""n"": ""conv.bias"", ""s"": [32]}, {""dt"": ""float32"", ""n"": ""unit1.conv1.weight"", ""s"": [32, 32, 3]}, {""dt"": ""float32"", ""n"": ""unit1.conv1.bias"", ""s"": [32]}, {""dt"": ""float32"", ""n"": ""unit1.conv2.weight"", ""s"": [32, 32, 3]}, {""dt"": ""float32"", ""n"": ""unit1.conv2.bias"", ""s"": [32]}, {""dt"": ""float32"", ""n"": ""unit2.conv1.weight"", ""s"": [32, 32, 3]}, {""dt"": ""float32"", ""n"": ""unit2.conv1.bias"", ""s"": [32]}, {""dt"": ""float32"", ""n"": ""unit2.conv2.weight"", ""s"": [32, 32, 3]}, {""dt"": ""float32"", ""n"": ""unit2.conv2.bias"", ""s"": [32]}]}, ""sig_version"": 1}","{""kind"": ""tensor"", ""shape"": [256, 32, 512], ""dtype"": ""float32""}",0.324720649551032,0.00109770723359219,295.817172023546,4557,3,0.000933886099341071,1.95541076007462e-07,0.0010895938,1738.78787878788,1725.0,1740.0,7251.0,0,71.0,82.0,5.0,3.0,50,1000,captured,0,2.14.0+cu130,8.4.148,0.16.0,595.71.05,1,1,2026-10-03T18:34:19+00:00,temp_delta=11C;no_persistence_mode,
8f8af84f49daf4ef,A40,default,fp32,ResidualStack,"ResidualStack[2->32,p=12512]@256x2x1024","{""input"": {""dtype"": ""float32"", ""kind"": ""tensor"", ""shape"": [256, 2, 1024]}, ""module"": {""buffers"": [], ""cls"": ""ResidualStack"", ""modules"": [{""a"": {}, ""cls"": ""ResidualStack"", ""n"": """"}, {""a"": {""dilation"": [1], ""groups"": 1, ""in_channels"": 2, ""kernel_size"": [1], ""out_channels"": 32, ""padding"": [0], ""stride"": [1]}, ""cls"": ""Conv1d"", ""n"": ""conv""}, {""a"": {}, ""cls"": ""ResidualUnit"", ""n"": ""unit1""}, {""a"": {""dilation"": [1], ""groups"": 1, ""in_channels"": 32, ""kernel_size"": [3], ""out_channels"": 32, ""padding"": [1], ""stride"": [1]}, ""cls"": ""Conv1d"", ""n"": ""unit1.conv1""}, {""a"": {}, ""cls"": ""ReLU"", ""n"": ""unit1.act""}, {""a"": {""dilation"": [1], ""groups"": 1, ""in_channels"": 32, ""kernel_size"": [3], ""out_channels"": 32, ""padding"": [1], ""stride"": [1]}, ""cls"": ""Conv1d"", ""n"": ""unit1.conv2""}, {""a"": {}, ""cls"": ""ResidualUnit"", ""n"": ""unit2""}, {""a"": {""dilation"": [1], ""groups"": 1, ""in_channels"": 32, ""kernel_size"": [3], ""out_channels"": 32, ""padding"": [1], ""stride"": [1]}, ""cls"": ""Conv1d"", ""n"": ""unit2.conv1""}, {""a"": {}, ""cls"": ""ReLU"", ""n"": ""unit2.act""}, {""a"": {""dilation"": [1], ""groups"": 1, ""in_channels"": 32, ""kernel_size"": [3], ""out_channels"": 32, ""padding"": [1], ""stride"": [1]}, ""cls"": ""Conv1d"", ""n"": ""unit2.conv2""}, {""a"": {""dilation"": 1, ""kernel_size"": 2, ""padding"": 0, ""stride"": 2}, ""cls"": ""MaxPool1d"", ""n"": ""pool""}], ""params"": [{""dt"": ""float32"", ""n"": ""conv.weight"", ""s"": [32, 2, 1]}, {""dt"": ""float32"", ""n"": ""conv.bias"", ""s"": [32]}, {""dt"": ""float32"", ""n"": ""unit1.conv1.weight"", ""s"": [32, 32, 3]}, {""dt"": ""float32"", ""n"": ""unit1.conv1.bias"", ""s"": [32]}, {""dt"": ""float32"", ""n"": ""unit1.conv2.weight"", ""s"": [32, 32, 3]}, {""dt"": ""float32"", ""n"": ""unit1.conv2.bias"", ""s"": [32]}, {""dt"": ""float32"", ""n"": ""unit2.conv1.weight"", ""s"": [32, 32, 3]}, {""dt"": ""float32"", ""n"": ""unit2.conv1.bias"", ""s"": [32]}, {""dt"": ""float32"", ""n"": ""unit2.conv2.weight"", ""s"": [32, 32, 3]}, {""dt"": ""float32"", ""n"": ""unit2.conv2.bias"", ""s"": [32]}]}, ""sig_version"": 1}","{""kind"": ""tensor"", ""shape"": [256, 2, 1024], ""dtype"": ""float32""}",0.623174311917856,0.00208618086114141,298.715381549853,2398,3,0.00132631443499502,1.42415781320249e-07,0.0020741051,1715.1,1695.0,1740.0,7251.0,0,73.0,84.0,5.0,3.0,50,1000,captured,0,2.14.0+cu130,8.4.148,0.16.0,595.71.05,1,1,2026-10-03T18:33:52+00:00,temp_delta=11C;no_persistence_mode,
91459f6af71d92c2,A40,default,fp32,ResidualStack,"ResidualStack[2->32,p=12512]@32x2x1024","{""input"": {""dtype"": ""float32"", ""kind"": ""tensor"", ""shape"": [32, 2, 1024]}, ""module"": {""buffers"": [], ""cls"": ""ResidualStack"", ""modules"": [{""a"": {}, ""cls"": ""ResidualStack"", ""n"": """"}, {""a"": {""dilation"": [1], ""groups"": 1, ""in_channels"": 2, ""kernel_size"": [1], ""out_channels"": 32, ""padding"": [0], ""stride"": [1]}, ""cls"": ""Conv1d"", ""n"": ""conv""}, {""a"": {}, ""cls"": ""ResidualUnit"", ""n"": ""unit1""}, {""a"": {""dilation"": [1], ""groups"": 1, ""in_channels"": 32, ""kernel_size"": [3], ""out_channels"": 32, ""padding"": [1], ""stride"": [1]}, ""cls"": ""Conv1d"", ""n"": ""unit1.conv1""}, {""a"": {}, ""cls"": ""ReLU"", ""n"": ""unit1.act""}, {""a"": {""dilation"": [1], ""groups"": 1, ""in_channels"": 32, ""kernel_size"": [3], ""out_channels"": 32, ""padding"": [1], ""stride"": [1]}, ""cls"": ""Conv1d"", ""n"": ""unit1.conv2""}, {""a"": {}, ""cls"": ""ResidualUnit"", ""n"": ""unit2""}, {""a"": {""dilation"": [1], ""groups"": 1, ""in_channels"": 32, ""kernel_size"": [3], ""out_channels"": 32, ""padding"": [1], ""stride"": [1]}, ""cls"": ""Conv1d"", ""n"": ""unit2.conv1""}, {""a"": {}, ""cls"": ""ReLU"", ""n"": ""unit2.act""}, {""a"": {""dilation"": [1], ""groups"": 1, ""in_channels"": 32, ""kernel_size"": [3], ""out_channels"": 32, ""padding"": [1], ""stride"": [1]}, ""cls"": ""Conv1d"", ""n"": ""unit2.conv2""}, {""a"": {""dilation"": 1, ""kernel_size"": 2, ""padding"": 0, ""stride"": 2}, ""cls"": ""MaxPool1d"", ""n"": ""pool""}], ""params"": [{""dt"": ""float32"", ""n"": ""conv.weight"", ""s"": [32, 2, 1]}, {""dt"": ""float32"", ""n"": ""conv.bias"", ""s"": [32]}, {""dt"": ""float32"", ""n"": ""unit1.conv1.weight"", ""s"": [32, 32, 3]}, {""dt"": ""float32"", ""n"": ""unit1.conv1.bias"", ""s"": [32]}, {""dt"": ""float32"", ""n"": ""unit1.conv2.weight"", ""s"": [32, 32, 3]}, {""dt"": ""float32"", ""n"": ""unit1.conv2.bias"", ""s"": [32]}, {""dt"": ""float32"", ""n"": ""unit2.conv1.weight"", ""s"": [32, 32, 3]}, {""dt"": ""float32"", ""n"": ""unit2.conv1.bias"", ""s"": [32]}, {""dt"": ""float32"", ""n"": ""unit2.conv2.weight"", ""s"": [32, 32, 3]}, {""dt"": ""float32"", ""n"": ""unit2.conv2.bias"", ""s"": [32]}]}, ""sig_version"": 1}","{""kind"": ""tensor"", ""shape"": [32, 2, 1024], ""dtype"": ""float32""}",0.0633762876854627,0.000234666365034109,270.069754889036,21162,3,0.000950727492982057,3.80927250767147e-07,0.00022518862,1740.0,1740.0,1740.0,7251.0,0,70.0,81.0,5.0,3.0,50,1000,captured,0,2.14.0+cu130,8.4.148,0.16.0,595.71.05,1,1,2026-10-03T18:23:04+00:00,temp_delta=11C;no_persistence_mode,
a4048f70448fdfcc,A40,default,fp32,DenseSELU,DenseSELU[512->128]@256x512,"{""input"": {""dtype"": ""float32"", ""kind"": ""tensor"", ""shape"": [256, 512]}, ""module"": {""buffers"": [], ""cls"": ""DenseSELU"", ""modules"": [{""a"": {}, ""cls"": ""DenseSELU"", ""n"": """"}, {""a"": {""in_features"": 512, ""out_features"": 128}, ""cls"": ""Linear"", ""n"": ""fc""}, {""a"": {}, ""cls"": ""SELU"", ""n"": ""act""}, {""a"": {""p"": 0.3}, ""cls"": ""AlphaDropout"", ""n"": ""drop""}], ""params"": [{""dt"": ""float32"", ""n"": ""fc.weight"", ""s"": [128, 512]}, {""dt"": ""float32"", ""n"": ""fc.bias"", ""s"": [128]}]}, ""sig_version"": 1}","{""kind"": ""tensor"", ""shape"": [256, 512], ""dtype"": ""float32""}",0.00416547740153875,3.75404127987006e-05,110.959818792481,131734,3,1.65135899330556e-05,1.24085562292307e-07,8.27331999999999e-06,1740.0,1740.0,1740.0,7251.0,0,66.0,67.0,5.0,10.0,50,1000,captured,0,2.14.0+cu130,8.4.148,0.16.0+g796e8ada,595.71.05,1,1,2026-10-03T23:05:56+00:00,no_persistence_mode,
a5f08415d4469cc8,A40,default,fp32,Flatten,Flatten[p=0]@32x32x16,"{""input"": {""dtype"": ""float32"", ""kind"": ""tensor"", ""shape"": [32, 32, 16]}, ""module"": {""buffers"": [], ""cls"": ""Flatten"", ""modules"": [{""a"": {""end_dim"": -1, ""start_dim"": 1}, ""cls"": ""Flatten"", ""n"": """"}], ""params"": []}, ""sig_version"": 1}","{""kind"": ""tensor"", ""shape"": [32, 32, 16], ""dtype"": ""float32""}",0.000326327406479486,3.52442101159364e-06,92.5903589287505,1385446,3,8.77610010496923e-07,6.57688650029934e-09,0.0,1740.0,1740.0,1740.0,7251.0,0,67.0,67.0,5.0,3.0,50,1000,captured,0,2.14.0+cu130,8.4.148,0.16.0,595.71.05,1,1,2026-10-03T18:25:31+00:00,no_persistence_mode,
ac13ae79a46d53c4,A40,default,fp32,Flatten,Flatten[p=0]@32x64x8,"{""input"": {""dtype"": ""float32"", ""kind"": ""tensor"", ""shape"": [32, 64, 8]}, ""module"": {""buffers"": [], ""cls"": ""Flatten"", ""modules"": [{""a"": {""end_dim"": -1, ""start_dim"": 1}, ""cls"": ""Flatten"", ""n"": """"}], ""params"": []}, ""sig_version"": 1}","{""kind"": ""tensor"", ""shape"": [32, 64, 8], ""dtype"": ""float32""}",0.000317030218446084,3.45950365930054e-06,91.6403766747808,1442894,3,5.3845224436302e-07,1.03814271386724e-09,0.0,1740.0,1740.0,1740.0,7251.0,0,66.0,66.0,5.0,10.0,50,1000,captured,0,2.14.0+cu130,8.4.148,0.16.0+g796e8ada,595.71.05,1,1,2026-10-03T22:54:57+00:00,no_persistence_mode,
b3a023cc4873ba9d,A40,default,fp32,ConvPool,"ConvPool[64->64,p=12352]@256x64x128","{""input"": {""dtype"": ""float32"", ""kind"": ""tensor"", ""shape"": [256, 64, 128]}, ""module"": {""buffers"": [], ""cls"": ""ConvPool"", ""modules"": [{""a"": {}, ""cls"": ""ConvPool"", ""n"": """"}, {""a"": {""dilation"": [1], ""groups"": 1, ""in_channels"": 64, ""kernel_size"": [3], ""out_channels"": 64, ""padding"": [1], ""stride"": [1]}, ""cls"": ""Conv1d"", ""n"": ""conv""}, {""a"": {}, ""cls"": ""ReLU"", ""n"": ""act""}, {""a"": {""dilation"": 1, ""kernel_size"": 2, ""padding"": 0, ""stride"": 2}, ""cls"": ""MaxPool1d"", ""n"": ""pool""}], ""params"": [{""dt"": ""float32"", ""n"": ""conv.weight"", ""s"": [64, 64, 3]}, {""dt"": ""float32"", ""n"": ""conv.bias"", ""s"": [64]}]}, ""sig_version"": 1}","{""kind"": ""tensor"", ""shape"": [256, 64, 128], ""dtype"": ""float32""}",0.0482522947615887,0.000184513058572591,261.511543599529,27127,3,5.24483218234586e-05,5.67299882227605e-08,0.00018258458,1740.0,1740.0,1740.0,7251.0,0,69.0,81.0,5.0,10.0,50,1000,captured,0,2.14.0+cu130,8.4.148,0.16.0+g796e8ada,595.71.05,1,1,2026-10-03T23:02:11+00:00,temp_delta=12C;no_persistence_mode,
b82ca0bc94382ff6,A40,default,fp32,Classifier,Classifier[128->24]@256x128,"{""input"": {""dtype"": ""float32"", ""kind"": ""tensor"", ""shape"": [256, 128]}, ""module"": {""buffers"": [], ""cls"": ""Classifier"", ""modules"": [{""a"": {}, ""cls"": ""Classifier"", ""n"": """"}, {""a"": {""in_features"": 128, ""out_features"": 24}, ""cls"": ""Linear"", ""n"": ""fc""}, {""a"": {""dim"": -1}, ""cls"": ""Softmax"", ""n"": ""softmax""}], ""params"": [{""dt"": ""float32"", ""n"": ""fc.weight"", ""s"": [24, 128]}, {""dt"": ""float32"", ""n"": ""fc.bias"", ""s"": [24]}]}, ""sig_version"": 1}","{""kind"": ""tensor"", ""shape"": [256, 128], ""dtype"": ""float32""}",0.00283908072296242,2.8528905167254e-05,99.515936777734,174659,3,5.95105034503809e-06,8.37683626260826e-08,7.18956000000004e-06,1740.0,1740.0,1740.0,7251.0,0,65.0,66.0,5.0,10.0,50,1000,captured,0,2.14.0+cu130,8.4.148,0.16.0+g796e8ada,595.71.05,1,1,2026-10-03T23:07:26+00:00,no_persistence_mode,
bd5780891a3ccaa2,A40,default,fp32,ConvPool,"ConvPool[64->64,p=12352]@256x64x16","{""input"": {""dtype"": ""float32"", ""kind"": ""tensor"", ""shape"": [256, 64, 16]}, ""module"": {""buffers"": [], ""cls"": ""ConvPool"", ""modules"": [{""a"": {}, ""cls"": ""ConvPool"", ""n"": """"}, {""a"": {""dilation"": [1], ""groups"": 1, ""in_channels"": 64, ""kernel_size"": [3], ""out_channels"": 64, ""padding"": [1], ""stride"": [1]}, ""cls"": ""Conv1d"", ""n"": ""conv""}, {""a"": {}, ""cls"": ""ReLU"", ""n"": ""act""}, {""a"": {""dilation"": 1, ""kernel_size"": 2, ""padding"": 0, ""stride"": 2}, ""cls"": ""MaxPool1d"", ""n"": ""pool""}], ""params"": [{""dt"": ""float32"", ""n"": ""conv.weight"", ""s"": [64, 64, 3]}, {""dt"": ""float32"", ""n"": ""conv.bias"", ""s"": [64]}]}, ""sig_version"": 1}","{""kind"": ""tensor"", ""shape"": [256, 64, 16], ""dtype"": ""float32""}",0.00923359161992551,7.095908584956e-05,130.125571790787,69690,3,5.09733748532858e-05,6.2169120855545e-08,2.45016399999998e-05,1740.0,1740.0,1740.0,7251.0,0,67.0,70.0,5.0,10.0,50,1000,captured,0,2.14.0+cu130,8.4.148,0.16.0+g796e8ada,595.71.05,1,1,2026-10-03T23:04:26+00:00,no_persistence_mode,
bf049206d7c9a722,A40,default,fp32,LSTMLayer,LSTMLayer[2->128]@256x1024x2,"{""input"": {""dtype"": ""float32"", ""kind"": ""tensor"", ""shape"": [256, 1024, 2]}, ""module"": {""buffers"": [], ""cls"": ""LSTMLayer"", ""modules"": [{""a"": {}, ""cls"": ""LSTMLayer"", ""n"": """"}, {""a"": {""batch_first"": true, ""bias"": true, ""bidirectional"": false, ""dropout"": 0.0, ""hidden_size"": 128, ""input_size"": 2, ""num_layers"": 1, ""proj_size"": 0}, ""cls"": ""LSTM"", ""n"": ""lstm""}], ""params"": [{""dt"": ""float32"", ""n"": ""lstm.weight_ih_l0"", ""s"": [512, 2]}, {""dt"": ""float32"", ""n"": ""lstm.weight_hh_l0"", ""s"": [512, 128]}, {""dt"": ""float32"", ""n"": ""lstm.bias_ih_l0"", ""s"": [512]}, {""dt"": ""float32"", ""n"": ""lstm.bias_hh_l0"", ""s"": [512]}]}, ""sig_version"": 1}","{""kind"": ""tensor"", ""shape"": [256, 1024, 2], ""dtype"": ""float32""}",2.44786792451685,0.00852104321147729,287.273267341226,583,3,0.0285407038128021,3.26019550799803e-07,0.00855065057999999,1740.0,1740.0,1740.0,7251.0,0,75.0,85.0,5.0,3.0,50,1000,captured,0,2.14.0+cu130,8.4.148,0.16.0,595.71.05,1,1,2026-10-03T18:37:16+00:00,temp_delta=10C;no_persistence_mode,
c4907177d0969c5c,A40,default,fp32,Flatten,Flatten[p=0]@256x32x16,"{""input"": {""dtype"": ""float32"", ""kind"": ""tensor"", ""shape"": [256, 32, 16]}, ""module"": {""buffers"": [], ""cls"": ""Flatten"", ""modules"": [{""a"": {""end_dim"": -1, ""start_dim"": 1}, ""cls"": ""Flatten"", ""n"": """"}], ""params"": []}, ""sig_version"": 1}","{""kind"": ""tensor"", ""shape"": [256, 32, 16], ""dtype"": ""float32""}",0.000327948953425795,3.49481582725646e-06,93.8386941217573,1429753,3,1.4562336857917e-06,4.51068372851464e-09,0.0,1740.0,1740.0,1740.0,7251.0,0,68.0,67.0,5.0,3.0,50,1000,captured,0,2.14.0+cu130,8.4.148,0.16.0,595.71.05,1,1,2026-10-03T18:36:23+00:00,no_persistence_mode,
c729e4006aac41aa,A40,default,fp32,ResidualStack,"ResidualStack[32->32,p=13472]@32x32x64","{""input"": {""dtype"": ""float32"", ""kind"": ""tensor"", ""shape"": [32, 32, 64]}, ""module"": {""buffers"": [], ""cls"": ""ResidualStack"", ""modules"": [{""a"": {}, ""cls"": ""ResidualStack"", ""n"": """"}, {""a"": {""dilation"": [1], ""groups"": 1, ""in_channels"": 32, ""kernel_size"": [1], ""out_channels"": 32, ""padding"": [0], ""stride"": [1]}, ""cls"": ""Conv1d"", ""n"": ""conv""}, {""a"": {}, ""cls"": ""ResidualUnit"", ""n"": ""unit1""}, {""a"": {""dilation"": [1], ""groups"": 1, ""in_channels"": 32, ""kernel_size"": [3], ""out_channels"": 32, ""padding"": [1], ""stride"": [1]}, ""cls"": ""Conv1d"", ""n"": ""unit1.conv1""}, {""a"": {}, ""cls"": ""ReLU"", ""n"": ""unit1.act""}, {""a"": {""dilation"": [1], ""groups"": 1, ""in_channels"": 32, ""kernel_size"": [3], ""out_channels"": 32, ""padding"": [1], ""stride"": [1]}, ""cls"": ""Conv1d"", ""n"": ""unit1.conv2""}, {""a"": {}, ""cls"": ""ResidualUnit"", ""n"": ""unit2""}, {""a"": {""dilation"": [1], ""groups"": 1, ""in_channels"": 32, ""kernel_size"": [3], ""out_channels"": 32, ""padding"": [1], ""stride"": [1]}, ""cls"": ""Conv1d"", ""n"": ""unit2.conv1""}, {""a"": {}, ""cls"": ""ReLU"", ""n"": ""unit2.act""}, {""a"": {""dilation"": [1], ""groups"": 1, ""in_channels"": 32, ""kernel_size"": [3], ""out_channels"": 32, ""padding"": [1], ""stride"": [1]}, ""cls"": ""Conv1d"", ""n"": ""unit2.conv2""}, {""a"": {""dilation"": 1, ""kernel_size"": 2, ""padding"": 0, ""stride"": 2}, ""cls"": ""MaxPool1d"", ""n"": ""pool""}], ""params"": [{""dt"": ""float32"", ""n"": ""conv.weight"", ""s"": [32, 32, 1]}, {""dt"": ""float32"", ""n"": ""conv.bias"", ""s"": [32]}, {""dt"": ""float32"", ""n"": ""unit1.conv1.weight"", ""s"": [32, 32, 3]}, {""dt"": ""float32"", ""n"": ""unit1.conv1.bias"", ""s"": [32]}, {""dt"": ""float32"", ""n"": ""unit1.conv2.weight"", ""s"": [32, 32, 3]}, {""dt"": ""float32"", ""n"": ""unit1.conv2.bias"", ""s"": [32]}, {""dt"": ""float32"", ""n"": ""unit2.conv1.weight"", ""s"": [32, 32, 3]}, {""dt"": ""float32"", ""n"": ""unit2.conv1.bias"", ""s"": [32]}, {""dt"": ""float32"", ""n"": ""unit2.conv2.weight"", ""s"": [32, 32, 3]}, {""dt"": ""float32"", ""n"": ""unit2.conv2.bias"", ""s"": [32]}]}, ""sig_version"": 1}","{""kind"": ""tensor"", ""shape"": [32, 32, 64], ""dtype"": ""float32""}",0.023765782882836,0.000214285508309099,110.90709339315,23158,3,0.000242559436191058,3.68755186935995e-07,4.88550999999992e-05,1740.0,1740.0,1740.0,7251.0,0,68.0,69.0,5.0,3.0,50,1000,captured,0,2.14.0+cu130,8.4.148,0.16.0,595.71.05,1,1,2026-10-03T18:24:43+00:00,no_persistence_mode,
d407c38351df1fc7,A40,default,fp32,ConvPool,"ConvPool[64->64,p=12352]@256x64x32","{""input"": {""dtype"": ""float32"", ""kind"": ""tensor"", ""shape"": [256, 64, 32]}, ""module"": {""buffers"": [], ""cls"": ""ConvPool"", ""modules"": [{""a"": {}, ""cls"": ""ConvPool"", ""n"": """"}, {""a"": {""dilation"": [1], ""groups"": 1, ""in_channels"": 64, ""kernel_size"": [3], ""out_channels"": 64, ""padding"": [1], ""stride"": [1]}, ""cls"": ""Conv1d"", ""n"": ""conv""}, {""a"": {}, ""cls"": ""ReLU"", ""n"": ""act""}, {""a"": {""dilation"": 1, ""kernel_size"": 2, ""padding"": 0, ""stride"": 2}, ""cls"": ""MaxPool1d"", ""n"": ""pool""}], ""params"": [{""dt"": ""float32"", ""n"": ""conv.weight"", ""s"": [64, 64, 3]}, {""dt"": ""float32"", ""n"": ""conv.bias"", ""s"": [64]}]}, ""sig_version"": 1}","{""kind"": ""tensor"", ""shape"": [256, 64, 32], ""dtype"": ""float32""}",0.0119547423408617,7.12391393217702e-05,167.811437008875,69491,3,0.000105187220935477,1.7535720307675e-07,3.60747400000001e-05,1740.0,1740.0,1740.0,7251.0,0,68.0,74.0,5.0,10.0,50,1000,captured,0,2.14.0+cu130,8.4.148,0.16.0+g796e8ada,595.71.05,1,1,2026-10-03T23:03:41+00:00,temp_delta=6C;no_persistence_mode,
d50af392910f52dc,A40,default,fp32,ConvPool,"ConvPool[64->64,p=12352]@256x64x256","{""input"": {""dtype"": ""float32"", ""kind"": ""tensor"", ""shape"": [256, 64, 256]}, ""module"": {""buffers"": [], ""cls"": ""ConvPool"", ""modules"": [{""a"": {}, ""cls"": ""ConvPool"", ""n"": """"}, {""a"": {""dilation"": [1], ""groups"": 1, ""in_channels"": 64, ""kernel_size"": [3], ""out_channels"": 64, ""padding"": [1], ""stride"": [1]}, ""cls"": ""Conv1d"", ""n"": ""conv""}, {""a"": {}, ""cls"": ""ReLU"", ""n"": ""act""}, {""a"": {""dilation"": 1, ""kernel_size"": 2, ""padding"": 0, ""stride"": 2}, ""cls"": ""MaxPool1d"", ""n"": ""pool""}], ""params"": [{""dt"": ""float32"", ""n"": ""conv.weight"", ""s"": [64, 64, 3]}, {""dt"": ""float32"", ""n"": ""conv.bias"", ""s"": [64]}]}, ""sig_version"": 1}","{""kind"": ""tensor"", ""shape"": [256, 64, 256], ""dtype"": ""float32""}",0.0947537739698731,0.000340344726544861,278.405294924949,14706,3,0.000283529396313531,3.09416313297992e-08,0.00033843812,1740.0,1740.0,1740.0,7251.0,0,69.0,82.0,5.0,10.0,50,1000,captured,0,2.14.0+cu130,8.4.148,0.16.0+g796e8ada,595.71.05,1,1,2026-10-03T23:01:25+00:00,temp_delta=13C;no_persistence_mode,
dd9bdb767c790991,A40,default,fp32,ResidualStack,"ResidualStack[32->32,p=13472]@32x32x256","{""input"": {""dtype"": ""float32"", ""kind"": ""tensor"", ""shape"": [32, 32, 256]}, ""module"": {""buffers"": [], ""cls"": ""ResidualStack"", ""modules"": [{""a"": {}, ""cls"": ""ResidualStack"", ""n"": """"}, {""a"": {""dilation"": [1], ""groups"": 1, ""in_channels"": 32, ""kernel_size"": [1], ""out_channels"": 32, ""padding"": [0], ""stride"": [1]}, ""cls"": ""Conv1d"", ""n"": ""conv""}, {""a"": {}, ""cls"": ""ResidualUnit"", ""n"": ""unit1""}, {""a"": {""dilation"": [1], ""groups"": 1, ""in_channels"": 32, ""kernel_size"": [3], ""out_channels"": 32, ""padding"": [1], ""stride"": [1]}, ""cls"": ""Conv1d"", ""n"": ""unit1.conv1""}, {""a"": {}, ""cls"": ""ReLU"", ""n"": ""unit1.act""}, {""a"": {""dilation"": [1], ""groups"": 1, ""in_channels"": 32, ""kernel_size"": [3], ""out_channels"": 32, ""padding"": [1], ""stride"": [1]}, ""cls"": ""Conv1d"", ""n"": ""unit1.conv2""}, {""a"": {}, ""cls"": ""ResidualUnit"", ""n"": ""unit2""}, {""a"": {""dilation"": [1], ""groups"": 1, ""in_channels"": 32, ""kernel_size"": [3], ""out_channels"": 32, ""padding"": [1], ""stride"": [1]}, ""cls"": ""Conv1d"", ""n"": ""unit2.conv1""}, {""a"": {}, ""cls"": ""ReLU"", ""n"": ""unit2.act""}, {""a"": {""dilation"": [1], ""groups"": 1, ""in_channels"": 32, ""kernel_size"": [3], ""out_channels"": 32, ""padding"": [1], ""stride"": [1]}, ""cls"": ""Conv1d"", ""n"": ""unit2.conv2""}, {""a"": {""dilation"": 1, ""kernel_size"": 2, ""padding"": 0, ""stride"": 2}, ""cls"": ""MaxPool1d"", ""n"": ""pool""}], ""params"": [{""dt"": ""float32"", ""n"": ""conv.weight"", ""s"": [32, 32, 1]}, {""dt"": ""float32"", ""n"": ""conv.bias"", ""s"": [32]}, {""dt"": ""float32"", ""n"": ""unit1.conv1.weight"", ""s"": [32, 32, 3]}, {""dt"": ""float32"", ""n"": ""unit1.conv1.bias"", ""s"": [32]}, {""dt"": ""float32"", ""n"": ""unit1.conv2.weight"", ""s"": [32, 32, 3]}, {""dt"": ""float32"", ""n"": ""unit1.conv2.bias"", ""s"": [32]}, {""dt"": ""float32"", ""n"": ""unit2.conv1.weight"", ""s"": [32, 32, 3]}, {""dt"": ""float32"", ""n"": ""unit2.conv1.bias"", ""s"": [32]}, {""dt"": ""float32"", ""n"": ""unit2.conv2.weight"", ""s"": [32, 32, 3]}, {""dt"": ""float32"", ""n"": ""unit2.conv2.bias"", ""s"": [32]}]}, ""sig_version"": 1}","{""kind"": ""tensor"", ""shape"": [32, 32, 256], ""dtype"": ""float32""}",0.0308469118733247,0.000214128170284646,144.058167742801,23137,3,2.52685848857899e-05,3.41245810312217e-07,7.33766399999999e-05,1740.0,1740.0,1740.0,7251.0,0,69.0,72.0,5.0,3.0,50,1000,captured,0,2.14.0+cu130,8.4.148,0.16.0,595.71.05,1,1,2026-10-03T18:23:54+00:00,no_persistence_mode,
ea2fb69a83feb467,A40,default,fp32,DenseSELU,DenseSELU[128->128]@32x128,"{""input"": {""dtype"": ""float32"", ""kind"": ""tensor"", ""shape"": [32, 128]}, ""module"": {""buffers"": [], ""cls"": ""DenseSELU"", ""modules"": [{""a"": {}, ""cls"": ""DenseSELU"", ""n"": """"}, {""a"": {""in_features"": 128, ""out_features"": 128}, ""cls"": ""Linear"", ""n"": ""fc""}, {""a"": {}, ""cls"": ""SELU"", ""n"": ""act""}, {""a"": {""p"": 0.3}, ""cls"": ""AlphaDropout"", ""n"": ""drop""}], ""params"": [{""dt"": ""float32"", ""n"": ""fc.weight"", ""s"": [128, 128]}, {""dt"": ""float32"", ""n"": ""fc.bias"", ""s"": [128]}]}, ""sig_version"": 1}","{""kind"": ""tensor"", ""shape"": [32, 128], ""dtype"": ""float32""}",0.00330011932370196,3.37908364281101e-05,97.6631439923941,147498,3,2.11089521874006e-05,3.24058600969604e-08,7.99749999999994e-06,1740.0,1740.0,1740.0,7251.0,0,65.0,66.0,5.0,10.0,50,1000,captured,0,2.14.0+cu130,8.4.148,0.16.0+g796e8ada,595.71.05,1,1,2026-10-03T22:56:27+00:00,no_persistence_mode,
f13292abaf4c5bc9,A40,default,fp32,ResidualStack,"ResidualStack[32->32,p=13472]@256x32x32","{""input"": {""dtype"": ""float32"", ""kind"": ""tensor"", ""shape"": [256, 32, 32]}, ""module"": {""buffers"": [], ""cls"": ""ResidualStack"", ""modules"": [{""a"": {}, ""cls"": ""ResidualStack"", ""n"": """"}, {""a"": {""dilation"": [1], ""groups"": 1, ""in_channels"": 32, ""kernel_size"": [1], ""out_channels"": 32, ""padding"": [0], ""stride"": [1]}, ""cls"": ""Conv1d"", ""n"": ""conv""}, {""a"": {}, ""cls"": ""ResidualUnit"", ""n"": ""unit1""}, {""a"": {""dilation"": [1], ""groups"": 1, ""in_channels"": 32, ""kernel_size"": [3], ""out_channels"": 32, ""padding"": [1], ""stride"": [1]}, ""cls"": ""Conv1d"", ""n"": ""unit1.conv1""}, {""a"": {}, ""cls"": ""ReLU"", ""n"": ""unit1.act""}, {""a"": {""dilation"": [1], ""groups"": 1, ""in_channels"": 32, ""kernel_size"": [3], ""out_channels"": 32, ""padding"": [1], ""stride"": [1]}, ""cls"": ""Conv1d"", ""n"": ""unit1.conv2""}, {""a"": {}, ""cls"": ""ResidualUnit"", ""n"": ""unit2""}, {""a"": {""dilation"": [1], ""groups"": 1, ""in_channels"": 32, ""kernel_size"": [3], ""out_channels"": 32, ""padding"": [1], ""stride"": [1]}, ""cls"": ""Conv1d"", ""n"": ""unit2.conv1""}, {""a"": {}, ""cls"": ""ReLU"", ""n"": ""unit2.act""}, {""a"": {""dilation"": [1], ""groups"": 1, ""in_channels"": 32, ""kernel_size"": [3], ""out_channels"": 32, ""padding"": [1], ""stride"": [1]}, ""cls"": ""Conv1d"", ""n"": ""unit2.conv2""}, {""a"": {""dilation"": 1, ""kernel_size"": 2, ""padding"": 0, ""stride"": 2}, ""cls"": ""MaxPool1d"", ""n"": ""pool""}], ""params"": [{""dt"": ""float32"", ""n"": ""conv.weight"", ""s"": [32, 32, 1]}, {""dt"": ""float32"", ""n"": ""conv.bias"", ""s"": [32]}, {""dt"": ""float32"", ""n"": ""unit1.conv1.weight"", ""s"": [32, 32, 3]}, {""dt"": ""float32"", ""n"": ""unit1.conv1.bias"", ""s"": [32]}, {""dt"": ""float32"", ""n"": ""unit1.conv2.weight"", ""s"": [32, 32, 3]}, {""dt"": ""float32"", ""n"": ""unit1.conv2.bias"", ""s"": [32]}, {""dt"": ""float32"", ""n"": ""unit2.conv1.weight"", ""s"": [32, 32, 3]}, {""dt"": ""float32"", ""n"": ""unit2.conv1.bias"", ""s"": [32]}, {""dt"": ""float32"", ""n"": ""unit2.conv2.weight"", ""s"": [32, 32, 3]}, {""dt"": ""float32"", ""n"": ""unit2.conv2.bias"", ""s"": [32]}]}, ""sig_version"": 1}","{""kind"": ""tensor"", ""shape"": [256, 32, 32], ""dtype"": ""float32""}",0.0317280188642737,0.000225012163907683,141.005794145827,22053,3,0.000201808024538017,1.53716810539867e-07,7.60367999999997e-05,1740.0,1740.0,1740.0,7251.0,0,68.0,71.0,5.0,3.0,50,1000,captured,0,2.14.0+cu130,8.4.148,0.16.0,595.71.05,1,1,2026-10-03T18:36:00+00:00,no_persistence_mode,
