model_name,dtype,batch,imgsz,level,layer_idx,parent_layer_idx,path,layer_type,from_json,kernel_key,short_desc,input_spec_json,output_spec_json,n_params,ultralytics_version,captured_at
rf_lstm,fp32,32,1024,module,0,0,"",LSTMLayer,-1,3126292238d21487,LSTMLayer[2->128]@32x1024x2,"{""kind"": ""tensor"", ""shape"": [32, 1024, 2], ""dtype"": ""float32""}","[{""shape"": [32, 1024, 128], ""dtype"": ""float32""}]",67584,8.4.148,2026-10-03T18:25:31+00:00
rf_lstm,fp32,32,1024,module,1,1,"",LSTMLayer,-1,01464e3d1a62b133,LSTMLayer[128->128]@32x1024x128,"{""kind"": ""tensor"", ""shape"": [32, 1024, 128], ""dtype"": ""float32""}","[{""shape"": [32, 1024, 128], ""dtype"": ""float32""}]",132096,8.4.148,2026-10-03T18:25:31+00:00
rf_lstm,fp32,32,1024,module,2,2,"",LastStepClassifier,-1,2e6cff0015d4ab12,LastStepClassifier[128->24]@32x1024x128,"{""kind"": ""tensor"", ""shape"": [32, 1024, 128], ""dtype"": ""float32""}","[{""shape"": [32, 24], ""dtype"": ""float32""}]",3096,8.4.148,2026-10-03T18:25:31+00:00
rf_resnet,fp32,32,1024,module,0,0,"",ResidualStack,-1,91459f6af71d92c2,"ResidualStack[2->32,p=12512]@32x2x1024","{""kind"": ""tensor"", ""shape"": [32, 2, 1024], ""dtype"": ""float32""}","[{""shape"": [32, 32, 512], ""dtype"": ""float32""}]",12512,8.4.148,2026-10-03T18:22:40+00:00
rf_resnet,fp32,32,1024,module,1,1,"",ResidualStack,-1,3deebf1706fdc40b,"ResidualStack[32->32,p=13472]@32x32x512","{""kind"": ""tensor"", ""shape"": [32, 32, 512], ""dtype"": ""float32""}","[{""shape"": [32, 32, 256], ""dtype"": ""float32""}]",13472,8.4.148,2026-10-03T18:22:40+00:00
rf_resnet,fp32,32,1024,module,2,2,"",ResidualStack,-1,dd9bdb767c790991,"ResidualStack[32->32,p=13472]@32x32x256","{""kind"": ""tensor"", ""shape"": [32, 32, 256], ""dtype"": ""float32""}","[{""shape"": [32, 32, 128], ""dtype"": ""float32""}]",13472,8.4.148,2026-10-03T18:22:40+00:00
rf_resnet,fp32,32,1024,module,3,3,"",ResidualStack,-1,079dd3e78932dced,"ResidualStack[32->32,p=13472]@32x32x128","{""kind"": ""tensor"", ""shape"": [32, 32, 128], ""dtype"": ""float32""}","[{""shape"": [32, 32, 64], ""dtype"": ""float32""}]",13472,8.4.148,2026-10-03T18:22:40+00:00
rf_resnet,fp32,32,1024,module,4,4,"",ResidualStack,-1,c729e4006aac41aa,"ResidualStack[32->32,p=13472]@32x32x64","{""kind"": ""tensor"", ""shape"": [32, 32, 64], ""dtype"": ""float32""}","[{""shape"": [32, 32, 32], ""dtype"": ""float32""}]",13472,8.4.148,2026-10-03T18:22:40+00:00
rf_resnet,fp32,32,1024,module,5,5,"",ResidualStack,-1,7393e8215d10caea,"ResidualStack[32->32,p=13472]@32x32x32","{""kind"": ""tensor"", ""shape"": [32, 32, 32], ""dtype"": ""float32""}","[{""shape"": [32, 32, 16], ""dtype"": ""float32""}]",13472,8.4.148,2026-10-03T18:22:40+00:00
rf_resnet,fp32,32,1024,module,6,6,"",Flatten,-1,a5f08415d4469cc8,Flatten[p=0]@32x32x16,"{""kind"": ""tensor"", ""shape"": [32, 32, 16], ""dtype"": ""float32""}","[{""shape"": [32, 512], ""dtype"": ""float32""}]",0,8.4.148,2026-10-03T18:22:40+00:00
rf_resnet,fp32,32,1024,module,7,7,"",DenseSELU,-1,16271fb31a81fcf5,DenseSELU[512->128]@32x512,"{""kind"": ""tensor"", ""shape"": [32, 512], ""dtype"": ""float32""}","[{""shape"": [32, 128], ""dtype"": ""float32""}]",65664,8.4.148,2026-10-03T18:22:40+00:00
rf_resnet,fp32,32,1024,module,8,8,"",DenseSELU,-1,ea2fb69a83feb467,DenseSELU[128->128]@32x128,"{""kind"": ""tensor"", ""shape"": [32, 128], ""dtype"": ""float32""}","[{""shape"": [32, 128], ""dtype"": ""float32""}]",16512,8.4.148,2026-10-03T18:22:40+00:00
rf_resnet,fp32,32,1024,module,9,9,"",Classifier,-1,4c32f8878ec0a1be,Classifier[128->24]@32x128,"{""kind"": ""tensor"", ""shape"": [32, 128], ""dtype"": ""float32""}","[{""shape"": [32, 24], ""dtype"": ""float32""}]",3096,8.4.148,2026-10-03T18:22:40+00:00
rf_vgg,fp32,32,1024,module,0,0,"",ConvPool,-1,4aa36fd0c98f45f0,"ConvPool[2->64,p=448]@32x2x1024","{""kind"": ""tensor"", ""shape"": [32, 2, 1024], ""dtype"": ""float32""}","[{""shape"": [32, 64, 512], ""dtype"": ""float32""}]",448,8.4.148,2026-10-03T23:25:55+00:00
rf_vgg,fp32,32,1024,module,1,1,"",ConvPool,-1,0810d89d591197aa,"ConvPool[64->64,p=12352]@32x64x512","{""kind"": ""tensor"", ""shape"": [32, 64, 512], ""dtype"": ""float32""}","[{""shape"": [32, 64, 256], ""dtype"": ""float32""}]",12352,8.4.148,2026-10-03T23:25:55+00:00
rf_vgg,fp32,32,1024,module,2,2,"",ConvPool,-1,7029da0845c2c205,"ConvPool[64->64,p=12352]@32x64x256","{""kind"": ""tensor"", ""shape"": [32, 64, 256], ""dtype"": ""float32""}","[{""shape"": [32, 64, 128], ""dtype"": ""float32""}]",12352,8.4.148,2026-10-03T23:25:55+00:00
rf_vgg,fp32,32,1024,module,3,3,"",ConvPool,-1,27631316b07bc57b,"ConvPool[64->64,p=12352]@32x64x128","{""kind"": ""tensor"", ""shape"": [32, 64, 128], ""dtype"": ""float32""}","[{""shape"": [32, 64, 64], ""dtype"": ""float32""}]",12352,8.4.148,2026-10-03T23:25:55+00:00
rf_vgg,fp32,32,1024,module,4,4,"",ConvPool,-1,55bf44ca076ddf69,"ConvPool[64->64,p=12352]@32x64x64","{""kind"": ""tensor"", ""shape"": [32, 64, 64], ""dtype"": ""float32""}","[{""shape"": [32, 64, 32], ""dtype"": ""float32""}]",12352,8.4.148,2026-10-03T23:25:55+00:00
rf_vgg,fp32,32,1024,module,5,5,"",ConvPool,-1,0e79b1208c6a682d,"ConvPool[64->64,p=12352]@32x64x32","{""kind"": ""tensor"", ""shape"": [32, 64, 32], ""dtype"": ""float32""}","[{""shape"": [32, 64, 16], ""dtype"": ""float32""}]",12352,8.4.148,2026-10-03T23:25:55+00:00
rf_vgg,fp32,32,1024,module,6,6,"",ConvPool,-1,1280915c68018e82,"ConvPool[64->64,p=12352]@32x64x16","{""kind"": ""tensor"", ""shape"": [32, 64, 16], ""dtype"": ""float32""}","[{""shape"": [32, 64, 8], ""dtype"": ""float32""}]",12352,8.4.148,2026-10-03T23:25:55+00:00
rf_vgg,fp32,32,1024,module,7,7,"",Flatten,-1,ac13ae79a46d53c4,Flatten[p=0]@32x64x8,"{""kind"": ""tensor"", ""shape"": [32, 64, 8], ""dtype"": ""float32""}","[{""shape"": [32, 512], ""dtype"": ""float32""}]",0,8.4.148,2026-10-03T23:25:55+00:00
rf_vgg,fp32,32,1024,module,8,8,"",DenseSELU,-1,16271fb31a81fcf5,DenseSELU[512->128]@32x512,"{""kind"": ""tensor"", ""shape"": [32, 512], ""dtype"": ""float32""}","[{""shape"": [32, 128], ""dtype"": ""float32""}]",65664,8.4.148,2026-10-03T23:25:55+00:00
rf_vgg,fp32,32,1024,module,9,9,"",DenseSELU,-1,ea2fb69a83feb467,DenseSELU[128->128]@32x128,"{""kind"": ""tensor"", ""shape"": [32, 128], ""dtype"": ""float32""}","[{""shape"": [32, 128], ""dtype"": ""float32""}]",16512,8.4.148,2026-10-03T23:25:55+00:00
rf_vgg,fp32,32,1024,module,10,10,"",Classifier,-1,4c32f8878ec0a1be,Classifier[128->24]@32x128,"{""kind"": ""tensor"", ""shape"": [32, 128], ""dtype"": ""float32""}","[{""shape"": [32, 24], ""dtype"": ""float32""}]",3096,8.4.148,2026-10-03T23:25:55+00:00
rf_lstm,fp32,256,1024,module,0,0,"",LSTMLayer,-1,bf049206d7c9a722,LSTMLayer[2->128]@256x1024x2,"{""kind"": ""tensor"", ""shape"": [256, 1024, 2], ""dtype"": ""float32""}","[{""shape"": [256, 1024, 128], ""dtype"": ""float32""}]",67584,8.4.148,2026-10-03T18:36:24+00:00
rf_lstm,fp32,256,1024,module,1,1,"",LSTMLayer,-1,80f8bf70347d00b1,LSTMLayer[128->128]@256x1024x128,"{""kind"": ""tensor"", ""shape"": [256, 1024, 128], ""dtype"": ""float32""}","[{""shape"": [256, 1024, 128], ""dtype"": ""float32""}]",132096,8.4.148,2026-10-03T18:36:24+00:00
rf_lstm,fp32,256,1024,module,2,2,"",LastStepClassifier,-1,7ee554b7b7de5588,LastStepClassifier[128->24]@256x1024x128,"{""kind"": ""tensor"", ""shape"": [256, 1024, 128], ""dtype"": ""float32""}","[{""shape"": [256, 24], ""dtype"": ""float32""}]",3096,8.4.148,2026-10-03T18:36:24+00:00
rf_resnet,fp32,256,1024,module,0,0,"",ResidualStack,-1,8f8af84f49daf4ef,"ResidualStack[2->32,p=12512]@256x2x1024","{""kind"": ""tensor"", ""shape"": [256, 2, 1024], ""dtype"": ""float32""}","[{""shape"": [256, 32, 512], ""dtype"": ""float32""}]",12512,8.4.148,2026-10-03T18:33:21+00:00
rf_resnet,fp32,256,1024,module,1,1,"",ResidualStack,-1,85bac86935fecd37,"ResidualStack[32->32,p=13472]@256x32x512","{""kind"": ""tensor"", ""shape"": [256, 32, 512], ""dtype"": ""float32""}","[{""shape"": [256, 32, 256], ""dtype"": ""float32""}]",13472,8.4.148,2026-10-03T18:33:21+00:00
rf_resnet,fp32,256,1024,module,2,2,"",ResidualStack,-1,091eaa596da13470,"ResidualStack[32->32,p=13472]@256x32x256","{""kind"": ""tensor"", ""shape"": [256, 32, 256], ""dtype"": ""float32""}","[{""shape"": [256, 32, 128], ""dtype"": ""float32""}]",13472,8.4.148,2026-10-03T18:33:21+00:00
rf_resnet,fp32,256,1024,module,3,3,"",ResidualStack,-1,53de420859514dd7,"ResidualStack[32->32,p=13472]@256x32x128","{""kind"": ""tensor"", ""shape"": [256, 32, 128], ""dtype"": ""float32""}","[{""shape"": [256, 32, 64], ""dtype"": ""float32""}]",13472,8.4.148,2026-10-03T18:33:21+00:00
rf_resnet,fp32,256,1024,module,4,4,"",ResidualStack,-1,593f480bb747b974,"ResidualStack[32->32,p=13472]@256x32x64","{""kind"": ""tensor"", ""shape"": [256, 32, 64], ""dtype"": ""float32""}","[{""shape"": [256, 32, 32], ""dtype"": ""float32""}]",13472,8.4.148,2026-10-03T18:33:21+00:00
rf_resnet,fp32,256,1024,module,5,5,"",ResidualStack,-1,f13292abaf4c5bc9,"ResidualStack[32->32,p=13472]@256x32x32","{""kind"": ""tensor"", ""shape"": [256, 32, 32], ""dtype"": ""float32""}","[{""shape"": [256, 32, 16], ""dtype"": ""float32""}]",13472,8.4.148,2026-10-03T18:33:21+00:00
rf_resnet,fp32,256,1024,module,6,6,"",Flatten,-1,c4907177d0969c5c,Flatten[p=0]@256x32x16,"{""kind"": ""tensor"", ""shape"": [256, 32, 16], ""dtype"": ""float32""}","[{""shape"": [256, 512], ""dtype"": ""float32""}]",0,8.4.148,2026-10-03T18:33:21+00:00
rf_resnet,fp32,256,1024,module,7,7,"",DenseSELU,-1,a4048f70448fdfcc,DenseSELU[512->128]@256x512,"{""kind"": ""tensor"", ""shape"": [256, 512], ""dtype"": ""float32""}","[{""shape"": [256, 128], ""dtype"": ""float32""}]",65664,8.4.148,2026-10-03T18:33:21+00:00
rf_resnet,fp32,256,1024,module,8,8,"",DenseSELU,-1,0c4ed5fdf55bd1ab,DenseSELU[128->128]@256x128,"{""kind"": ""tensor"", ""shape"": [256, 128], ""dtype"": ""float32""}","[{""shape"": [256, 128], ""dtype"": ""float32""}]",16512,8.4.148,2026-10-03T18:33:21+00:00
rf_resnet,fp32,256,1024,module,9,9,"",Classifier,-1,b82ca0bc94382ff6,Classifier[128->24]@256x128,"{""kind"": ""tensor"", ""shape"": [256, 128], ""dtype"": ""float32""}","[{""shape"": [256, 24], ""dtype"": ""float32""}]",3096,8.4.148,2026-10-03T18:33:21+00:00
rf_vgg,fp32,256,1024,module,0,0,"",ConvPool,-1,1fe06ba3d8b42abc,"ConvPool[2->64,p=448]@256x2x1024","{""kind"": ""tensor"", ""shape"": [256, 2, 1024], ""dtype"": ""float32""}","[{""shape"": [256, 64, 512], ""dtype"": ""float32""}]",448,8.4.148,2026-10-03T23:25:59+00:00
rf_vgg,fp32,256,1024,module,1,1,"",ConvPool,-1,088468d743c31d56,"ConvPool[64->64,p=12352]@256x64x512","{""kind"": ""tensor"", ""shape"": [256, 64, 512], ""dtype"": ""float32""}","[{""shape"": [256, 64, 256], ""dtype"": ""float32""}]",12352,8.4.148,2026-10-03T23:25:59+00:00
rf_vgg,fp32,256,1024,module,2,2,"",ConvPool,-1,d50af392910f52dc,"ConvPool[64->64,p=12352]@256x64x256","{""kind"": ""tensor"", ""shape"": [256, 64, 256], ""dtype"": ""float32""}","[{""shape"": [256, 64, 128], ""dtype"": ""float32""}]",12352,8.4.148,2026-10-03T23:25:59+00:00
rf_vgg,fp32,256,1024,module,3,3,"",ConvPool,-1,b3a023cc4873ba9d,"ConvPool[64->64,p=12352]@256x64x128","{""kind"": ""tensor"", ""shape"": [256, 64, 128], ""dtype"": ""float32""}","[{""shape"": [256, 64, 64], ""dtype"": ""float32""}]",12352,8.4.148,2026-10-03T23:25:59+00:00
rf_vgg,fp32,256,1024,module,4,4,"",ConvPool,-1,80d318443f60409a,"ConvPool[64->64,p=12352]@256x64x64","{""kind"": ""tensor"", ""shape"": [256, 64, 64], ""dtype"": ""float32""}","[{""shape"": [256, 64, 32], ""dtype"": ""float32""}]",12352,8.4.148,2026-10-03T23:25:59+00:00
rf_vgg,fp32,256,1024,module,5,5,"",ConvPool,-1,d407c38351df1fc7,"ConvPool[64->64,p=12352]@256x64x32","{""kind"": ""tensor"", ""shape"": [256, 64, 32], ""dtype"": ""float32""}","[{""shape"": [256, 64, 16], ""dtype"": ""float32""}]",12352,8.4.148,2026-10-03T23:25:59+00:00
rf_vgg,fp32,256,1024,module,6,6,"",ConvPool,-1,bd5780891a3ccaa2,"ConvPool[64->64,p=12352]@256x64x16","{""kind"": ""tensor"", ""shape"": [256, 64, 16], ""dtype"": ""float32""}","[{""shape"": [256, 64, 8], ""dtype"": ""float32""}]",12352,8.4.148,2026-10-03T23:25:59+00:00
rf_vgg,fp32,256,1024,module,7,7,"",Flatten,-1,46313e35239090f1,Flatten[p=0]@256x64x8,"{""kind"": ""tensor"", ""shape"": [256, 64, 8], ""dtype"": ""float32""}","[{""shape"": [256, 512], ""dtype"": ""float32""}]",0,8.4.148,2026-10-03T23:25:59+00:00
rf_vgg,fp32,256,1024,module,8,8,"",DenseSELU,-1,a4048f70448fdfcc,DenseSELU[512->128]@256x512,"{""kind"": ""tensor"", ""shape"": [256, 512], ""dtype"": ""float32""}","[{""shape"": [256, 128], ""dtype"": ""float32""}]",65664,8.4.148,2026-10-03T23:25:59+00:00
rf_vgg,fp32,256,1024,module,9,9,"",DenseSELU,-1,0c4ed5fdf55bd1ab,DenseSELU[128->128]@256x128,"{""kind"": ""tensor"", ""shape"": [256, 128], ""dtype"": ""float32""}","[{""shape"": [256, 128], ""dtype"": ""float32""}]",16512,8.4.148,2026-10-03T23:25:59+00:00
rf_vgg,fp32,256,1024,module,10,10,"",Classifier,-1,b82ca0bc94382ff6,Classifier[128->24]@256x128,"{""kind"": ""tensor"", ""shape"": [256, 128], ""dtype"": ""float32""}","[{""shape"": [256, 24], ""dtype"": ""float32""}]",3096,8.4.148,2026-10-03T23:25:59+00:00
