model,level,layer_idx,parent_layer_idx,path,layer_type,kernel_key,short_desc,hit,time_s,energy_j,dyn_energy_j,static_energy_j,power_w,energy_share,shared_with
rf_vgg,module,0,0,,ConvPool,4aa36fd0c98f45f0,"ConvPool[2->64,p=448]@32x2x1024",1,0.00012016607947666722,0.02775377741522396,0.01697511093571414,0.010778666479509822,230.96182829708562,0.2759867769343325,
rf_vgg,module,1,1,,ConvPool,0810d89d591197aa,"ConvPool[64->64,p=12352]@32x64x512",1,7.855659325892605e-05,0.018589203278256118,0.011542827777015895,0.007046375501240223,236.63453959854488,0.1848531903166751,
rf_vgg,module,2,2,,ConvPool,7029da0845c2c205,"ConvPool[64->64,p=12352]@32x64x256",1,7.367905001273774e-05,0.012021864779094468,0.005412995536850218,0.00660886924224425,163.16530651543567,0.11954681568148189,
rf_vgg,module,3,3,,ConvPool,27631316b07bc57b,"ConvPool[64->64,p=12352]@32x64x128",1,7.424142363192028e-05,0.009164370403854443,0.0025050573283384205,0.006659313075516022,123.440122178829,0.0911315606719823,
rf_vgg,module,4,4,,ConvPool,55bf44ca076ddf69,"ConvPool[64->64,p=12352]@32x64x64",1,7.456881937049669e-05,0.00807883930165624,0.0013901594573457595,0.006688679844310481,108.34071626528461,0.0803369136704063,
rf_vgg,module,5,5,,ConvPool,0e79b1208c6a682d,"ConvPool[64->64,p=12352]@32x64x32",1,7.278298784678233e-05,0.007480664616635698,0.0009521704292638662,0.006528494187371832,102.78040017240666,0.07438859532466746,
rf_vgg,module,6,6,,ConvPool,1280915c68018e82,"ConvPool[64->64,p=12352]@32x64x16",1,7.312066379113266e-05,0.007426490749511106,0.0008677076786360689,0.006558783070875037,101.56487050944574,0.07384988411580752,
rf_vgg,module,7,7,,Flatten,ac13ae79a46d53c4,Flatten[p=0]@32x64x8,1,3.5227424971784373e-06,0.000320339365454312,4.356130953807921e-06,0.00031598323450050407,90.93465267781843,0.003185491750338425,
rf_vgg,module,8,8,,DenseSELU,16271fb31a81fcf5,DenseSELU[512->128]@32x512,1,3.75157291821808e-05,0.0036888626494138484,0.0003237738127687493,0.003365088836645099,98.32842729779547,0.036682477413208556,rf_resnet
rf_vgg,module,9,9,,DenseSELU,ea2fb69a83feb467,DenseSELU[128->128]@32x128,1,3.37198944730878e-05,0.0032582864758710236,0.0002336767205011435,0.00302460975536988,96.62801520543002,0.03240077807610795,rf_resnet
rf_vgg,module,10,10,,Classifier,4c32f8878ec0a1be,Classifier[128->24]@32x128,1,2.815109826113662e-05,0.0027792834031497757,0.000254183969847401,0.0025250994333023747,98.72735256608637,0.027637516044992032,rf_resnet
rf_resnet,module,0,0,,ResidualStack,91459f6af71d92c2,"ResidualStack[2->32,p=12512]@32x2x1024",1,0.00023466636503410862,0.06337628768546269,0.042327165556512,0.021049122128950683,270.06975488903566,0.2928473806792006,
rf_resnet,module,1,1,,ResidualStack,3deebf1706fdc40b,"ResidualStack[32->32,p=13472]@32x32x512",1,0.00023851319964945944,0.04107509729485678,0.019680921491014833,0.02139417580384195,172.21309912920736,0.18979866276865076,
rf_resnet,module,2,2,,ResidualStack,dd9bdb767c790991,"ResidualStack[32->32,p=13472]@32x32x256",1,0.000214128170284646,0.030846911873324674,0.011640026357732605,0.01920688551559207,144.05816774280137,0.14253654914245414,
rf_resnet,module,3,3,,ResidualStack,079dd3e78932dced,"ResidualStack[32->32,p=13472]@32x32x128",1,0.00021324242108983798,0.025492808543098815,0.0063653730286793615,0.019127435514419453,119.54848576943712,0.11779645796002153,
rf_resnet,module,4,4,,ResidualStack,c729e4006aac41aa,"ResidualStack[32->32,p=13472]@32x32x64",1,0.0002142855083090992,0.023765782882835963,0.0045447844487105475,0.019220998434125416,110.90709339315036,0.10981626600741283,
rf_resnet,module,5,5,,ResidualStack,7393e8215d10caea,"ResidualStack[32->32,p=13472]@32x32x32",1,0.00020483386214750405,0.021804401788188,0.0034311978573188413,0.018373203930869157,106.44920502688325,0.10075317100677093,
rf_resnet,module,6,6,,Flatten,a5f08415d4469cc8,Flatten[p=0]@32x32x16,1,3.524421011593645e-06,0.0003263274064794856,1.0193612460510397e-05,0.0003161337940189752,92.59035892875053,0.0015078845688412694,
rf_resnet,module,7,7,,DenseSELU,16271fb31a81fcf5,DenseSELU[512->128]@32x512,1,3.75157291821808e-05,0.0036888626494138484,0.0003237738127687493,0.003365088836645099,98.32842729779547,0.017045393537841694,rf_vgg
rf_resnet,module,8,8,,DenseSELU,ea2fb69a83feb467,DenseSELU[128->128]@32x128,1,3.37198944730878e-05,0.0032582864758710236,0.0002336767205011435,0.00302460975536988,96.62801520543002,0.015055799176766287,rf_vgg
rf_resnet,module,9,9,,Classifier,4c32f8878ec0a1be,Classifier[128->24]@32x128,1,2.815109826113662e-05,0.0027792834031497757,0.000254183969847401,0.0025250994333023747,98.72735256608637,0.012842435152040012,rf_vgg
rf_lstm,module,0,0,,LSTMLayer,3126292238d21487,LSTMLayer[2->128]@32x1024x2,1,0.002368417540282914,0.4295421401603204,0.21709963673415655,0.21244250342616383,181.36250591566315,0.4780813862116899,
rf_lstm,module,1,1,,LSTMLayer,01464e3d1a62b133,LSTMLayer[128->128]@32x1024x128,1,0.002449724992816494,0.46565736661748564,0.24592174089778637,0.21973562571969926,190.08556796496197,0.5182777160096146,
rf_lstm,module,2,2,,LastStepClassifier,2e6cff0015d4ab12,LastStepClassifier[128->24]@32x1024x128,1,3.241929339081051e-05,0.0032712401467002855,0.00036329180984226135,0.002907948336858024,100.90411617754577,0.0036408977786954594,
