model,layer_idx,layer_type,kernel_key,short_desc,hit,time_s,energy_j,dyn_energy_j,static_energy_j,power_w,energy_share,shared_with
yolo26n,0,Conv,1a2658234970b8d3,"Conv[3->16,k3,s2]@1x3x640x640",1,6.911111883911499e-05,0.02067699412133751,0.014477859529971968,0.006199134591365541,299.18476894393586,0.028454670143783035,
yolo26n,1,Conv,83a9d30579dbb458,"Conv[16->32,k3,s2]@1x16x320x320",1,5.040069441143903e-05,0.014550985052901286,0.010030139588336724,0.004520845464564564,288.70604309766753,0.020024355451170418,
yolo26n,2,C3k2,83f6ee6d3f925d26,"C3k2[32->16,p=6520]@1x32x160x160",1,0.0002011035002062811,0.04328335559074826,0.02524475795965529,0.01803859763109297,215.22925034298524,0.059564441466849964,
yolo26n,3,Conv,8d2936e6409a1ec3,"Conv[64->64,k3,s2]@1x64x160x160",1,6.925975031625572e-05,0.020519126262432335,0.014306659713101336,0.006212466549330999,296.2633588590394,0.02823742010129178,
yolo26n,4,C3k2,9e7ee429aa60c4fe,"C3k2[64->32,p=25840]@1x64x80x80",1,0.0002029252543440649,0.02835871915160309,0.010156713674099926,0.018202005477503162,139.7495804219625,0.03902588521444388,
yolo26n,5,Conv,0f7d240e4bd8b441,"Conv[128->128,k3,s2]@1x128x80x80",1,5.195171085326804e-05,0.011410570939817647,0.006750602280059243,0.004659968659758405,219.63802062352798,0.015702670820498598,yolo26s
yolo26n,6,C3k2,6c7862b9adff7836,"C3k2[128->32,p=86528]@1x128x40x40",1,0.0004289299443388684,0.04855707722927613,0.01008288523401274,0.03847419199526339,113.20514659828572,0.06682187979535371,
yolo26n,7,Conv,8c8483e2fb489460,"Conv[128->256,k3,s2]@1x128x40x40",1,5.7611700826682557e-05,0.008778710801426958,0.0036110519143889783,0.00516765888703798,152.37721982617018,0.012080833349200133,
yolo26n,8,C3k2,92aaf494c7b291d8,"C3k2[256->64,p=345088]@1x256x20x20",1,0.000478490210535348,0.051532382421258696,0.0086127297577765,0.042919652663482195,107.69788239471578,0.0709163495871492,
yolo26n,9,SPPF,89e6a31a562f1a0b,"SPPF[256->256,p=164224]@1x256x20x20",1,0.0001500884605365268,0.01883052128678468,0.0053678747097161885,0.01346264657706849,125.4628185236261,0.025913644348237747,
yolo26n,10,C2PSA,c6a1669f4868ee8e,"C2PSA[256->128,p=248320]@1x256x20x20",1,0.0004908970156446656,0.053087819253473244,0.009055300006242856,0.04403251924723039,108.14451414775093,0.07305686584064477,
yolo26n,11,Upsample,a189f149d76af255,"Upsample[x2.0,nearest]@1x256x20x20",1,1.1023244602872043e-05,0.0014925408550244398,0.0005037769907636851,0.0009887638642607547,135.39941358423334,0.0020539618794017016,
yolo26n,12,Concat,103cf9c61254beea,Concat[d=1]@1x256x40x40+1x128x40x40,1,1.0663560459069692e-05,0.0014305130312767544,0.0004740121437303758,0.0009565008875463786,134.14966199774844,0.001968602215703982,
yolo26n,13,C3k2,7779a9aff66a1bd6,"C3k2[384->32,p=119296]@1x384x40x40",1,0.00042891331758349493,0.04833109156749108,0.009858390960243234,0.03847270060724785,112.6826554134278,0.06651088935711191,
yolo26n,14,Upsample,f666e0a07709c942,"Upsample[x2.0,nearest]@1x128x40x40",1,1.090760016951547e-05,0.0021262758693499297,0.00114788508859819,0.0009783907807517397,194.93525948012282,0.002926077075903531,
yolo26n,15,Concat,648e0dc76efeeea9,Concat[d=1]@1x128x80x80+1x128x80x80,1,2.6078284198860395e-05,0.0060013556211556875,0.0036621836271824083,0.0023391719939732793,230.12846916584886,0.008258772702329184,
yolo26n,16,C3k2,89349edfe19bd97a,"C3k2[256->16,p=34048]@1x256x80x80",1,0.0004296700022639222,0.055625388065302275,0.01708481429587755,0.03854057376942473,129.4607204883126,0.07654894419033267,
yolo26n,17,Conv,ac064414c0d3e45f,"Conv[64->64,k3,s2]@1x64x80x80",1,5.539740133433499e-05,0.007153133441938207,0.0021840929655008376,0.00496904047643737,129.12398902554182,0.00984379312536405,
yolo26n,18,Concat,ed712066ec1e01bd,Concat[d=1]@1x64x40x40+1x128x40x40,1,1.064203369364245e-05,0.001286048585536569,0.00033147860749421505,0.000954569978042354,120.84612984310078,0.001769797296240402,
yolo26n,19,C3k2,644ca8a3a4e4534b,"C3k2[192->32,p=94720]@1x192x40x40",1,0.00042866523342060446,0.048323135098186955,0.009872687163759011,0.03845044793442794,112.72930793240353,0.06649994005238079,
yolo26n,20,Conv,e0df47f3e45ecf61,"Conv[128->128,k3,s2]@1x128x40x40",1,5.131723411808762e-05,0.006754495295045208,0.002151437979547194,0.004603057315498014,131.6223567213743,0.0092952067636325,
yolo26n,21,Concat,b719d1ee743159f0,Concat[d=1]@1x128x20x20+1x256x20x20,1,1.0903704892127526e-05,0.0011821247818250915,0.00020408339997188187,0.0009780413818532097,108.41496477757624,0.001626782429701084,
yolo26n,22,C3k2,ab1373ecd70aabbb,"C3k2[384->128,p=461504]@1x384x20x20",1,0.0006301350110801033,0.06999720883147119,0.01347530888204767,0.05652189994942352,111.08287525793911,0.09632674249443426,
yolo26n,23,Detect,1805e3dcc06abfde,"Detect[nc=80,e2e]@1x64x80x80+1x128x40x40+1x256x20x20",1,0.0013225613045660782,0.1573747675969781,0.03874355933332527,0.11863120826365284,118.99241801015152,0.2165714742988407,
yolo26s,0,Conv,0bc149d28c6c8862,"Conv[3->32,k3,s2]@1x3x640x640",1,0.0001412590666749205,0.03922319789924994,0.026552530989529793,0.012670666909720147,277.66853358527624,0.03839816550909798,
yolo26s,1,Conv,c5f83e3221059400,"Conv[32->64,k3,s2]@1x32x320x320",1,0.00011210454936129782,0.03327238666162112,0.0232168239465556,0.010055562715065521,296.7978271282168,0.032572525401863346,
yolo26s,2,C3k2,9f71cb1a1d9d8c01,"C3k2[64->32,p=25840]@1x64x160x160",1,0.00033234053954590267,0.0880062612406237,0.05819595329859596,0.02981030794202774,264.8074813890357,0.08615511141224426,
yolo26s,3,Conv,15553e44bcc83312,"Conv[128->128,k3,s2]@1x128x160x160",1,0.00013115475534505286,0.037483013526138,0.025718683931441288,0.011764329594696709,285.7922568459265,0.03669458469075843,
yolo26s,4,C3k2,88967cc1fd7f258e,"C3k2[128->64,p=102880]@1x128x80x80",1,0.0001990678759423087,0.04584293988428598,0.027986933839059105,0.01785600604522687,230.28798427312097,0.0448786658757904,
yolo26s,5,Conv,8db2c8e048a70901,"Conv[256->256,k3,s2]@1x256x80x80",1,9.665851250358084e-05,0.028691410617104722,0.02002132773498885,0.008670082882115872,296.8327348927681,0.028087906967579148,yolo26l;yolo26m
yolo26s,6,C3k2,d5e0d6a88d61121a,"C3k2[256->64,p=345088]@1x256x40x40",1,0.0004254079943942337,0.05824254370809501,0.020084263856891507,0.0381582798512035,136.90984766525222,0.05701745275127278,
yolo26s,7,Conv,d691679f9f58a1b4,"Conv[256->512,k3,s2]@1x256x40x40",1,6.495589059310441e-05,0.019156103802209813,0.013329685201954586,0.005826418600255228,294.9094166410119,0.018753168627303068,
yolo26s,8,C3k2,50c6df8b4d2a94d5,"C3k2[512->128,p=1378304]@1x512x20x20",1,0.00048612052921952567,0.06319568190620299,0.019591604315259525,0.043604077590943466,130.0000269638163,0.061866405169913354,yolo26m
yolo26s,9,SPPF,0b9d579e9870afc2,"SPPF[512->512,p=656128]@1x512x20x20",1,0.00014968642406618636,0.025403689862026003,0.011977105183999831,0.013426584678026172,169.71271790682457,0.024869341107001435,yolo26l;yolo26m
yolo26s,10,C2PSA,1a2060609098eae8,"C2PSA[512->256,p=988160]@1x512x20x20",1,0.000486876786017733,0.062416446402968,0.01874453403006078,0.04367191237290722,128.19762246930102,0.061103560337611836,yolo26m
yolo26s,11,Upsample,f2bd84b1cf0e5086,"Upsample[x2.0,nearest]@1x512x20x20",1,1.0859562468356649e-05,0.0022791023320621624,0.001305020440819744,0.0009740818912424184,209.8705485329791,0.0022311630169341086,yolo26l;yolo26m
yolo26s,12,Concat,12c81b34f69ff9c1,Concat[d=1]@1x512x40x40+1x256x40x40,1,1.7556679031563348e-05,0.004019488043798741,0.0024446876625832644,0.0015748003812154768,228.94352836162906,0.003934940938881885,
yolo26s,13,C3k2,2587f68d51b01fc9,"C3k2[768->64,p=476160]@1x768x40x40",1,0.00042445779833118023,0.06428073018796918,0.026207681098211838,0.03807304908975734,151.4419818429501,0.06292863022396529,
yolo26s,14,Upsample,015187bc98b76f09,"Upsample[x2.0,nearest]@1x256x40x40",1,1.9078490513890708e-05,0.004909494858571241,0.0031981909109239405,0.0017113039476473006,257.33140968341945,0.004806227086065542,
yolo26s,15,Concat,a9bba7c13e04c0dc,Concat[d=1]@1x256x80x80+1x256x80x80,1,4.944593702803001e-05,0.01199740146815861,0.007562195906713408,0.004435205561445202,242.63675014101764,0.011745044563596353,
yolo26s,16,C3k2,b19a7ee7fa06f6c6,"C3k2[512->32,p=135680]@1x512x80x80",1,0.00042749819476989537,0.07408178694213378,0.03573602013269114,0.03834576680944264,173.29146145753657,0.07252352864038614,
yolo26s,17,Conv,0f7d240e4bd8b441,"Conv[128->128,k3,s2]@1x128x80x80",1,5.195171085326804e-05,0.011410570939817647,0.006750602280059243,0.004659968659758405,219.63802062352798,0.011170557602821067,yolo26n
yolo26s,18,Concat,587fae78570d683a,Concat[d=1]@1x128x40x40+1x256x40x40,1,1.0568990099595809e-05,0.0014995741246162102,0.0005515560166367082,0.000948018107979502,141.8843343105751,0.0014680316372489117,
yolo26s,19,C3k2,1047014c6d816be7,"C3k2[384->64,p=377856]@1x384x40x40",1,0.0004262373370824411,0.06047744360852347,0.0222447733114276,0.03823267029709587,141.8867807838856,0.05920534310364407,
yolo26s,20,Conv,363d18475893ade5,"Conv[256->256,k3,s2]@1x256x40x40",1,5.757392377763087e-05,0.012955526860686479,0.00779125650237542,0.005164270358311059,225.02421253630231,0.012683016462146169,
yolo26s,21,Concat,53ad61ab4d97c03b,Concat[d=1]@1x256x20x20+1x512x20x20,1,1.0654148401213798e-05,0.001295238217016319,0.00033958157297822784,0.0009556566440380911,121.57125733941871,0.0012679937917977019,
yolo26s,22,C3k2,f29667bd3afcbd31,"C3k2[768->256,p=1840512]@1x768x20x20",1,0.0006330736123832168,0.08767515923566879,0.03088967239466607,0.05678548684100272,138.49125523588657,0.08583097390516721,
yolo26s,23,Detect,22f6b4f1fd7aa6a9,"Detect[nc=80,e2e]@1x128x80x80+1x256x40x40+1x512x20x20",1,0.001337181420638661,0.18367105263068265,0.06372844804184064,0.11994260458884201,137.35686855636848,0.1798076611769094,
yolo26m,0,Conv,7c444c1e370f89b1,"Conv[3->64,k3,s2]@1x3x640x640",1,0.0002658309145130311,0.07714121022149314,0.05329668787410801,0.023844522347385134,290.1890111720308,0.040829971486970665,yolo26l
yolo26m,1,Conv,267db7ddf7d6fb13,"Conv[64->128,k3,s2]@1x64x320x320",1,0.00030423453195085084,0.09069150033372052,0.06340224727887045,0.02728925305485006,298.09732561316133,0.048001987032667594,yolo26l
yolo26m,2,C3k2,a35c6acea7175ffc,"C3k2[128->32,p=111232]@1x128x160x160",1,0.0008555664769239333,0.24813707058775264,0.1713944012256975,0.07674266936205515,290.0266399869873,0.13133614948311428,
yolo26m,3,Conv,955291a5cd198354,"Conv[256->256,k3,s2]@1x256x160x160",1,0.000342759819790412,0.10139991788128959,0.07065502051767789,0.030744897363611707,295.8337355390512,0.05366983152048977,yolo26l
yolo26m,4,C3k2,473dc68dafcd03db,"C3k2[256->64,p=443648]@1x256x80x80",1,0.0004968154003416952,0.13812015080915602,0.09355676382433664,0.044563386984819375,278.01100914778607,0.07310543616209254,
yolo26m,5,Conv,3040cb2cd52f54a7,"Conv[512->512,k3,s2]@1x512x80x80",1,0.00039944294555644544,0.1193357319893135,0.08350646713773015,0.03582926485158336,298.7553875136596,0.06316305539555653,yolo26l
yolo26m,6,C3k2,d0ff79de09ff14d8,"C3k2[512->128,p=1378304]@1x512x40x40",1,0.0004847753786800261,0.09881915206057335,0.05533573188887117,0.043483420171702175,203.84523720995017,0.05230386131375021,
yolo26m,7,Conv,e4ef9ed73247fe48,"Conv[512->512,k3,s2]@1x512x40x40",1,0.00011354698306171188,0.03403465335426912,0.023849707107317736,0.010184946246951383,299.74071029057245,0.01801415769902658,yolo26l
yolo26m,8,C3k2,50c6df8b4d2a94d5,"C3k2[512->128,p=1378304]@1x512x20x20",1,0.00048612052921952567,0.06319568190620299,0.019591604315259525,0.043604077590943466,130.0000269638163,0.03344876082344657,yolo26s
yolo26m,9,SPPF,0b9d579e9870afc2,"SPPF[512->512,p=656128]@1x512x20x20",1,0.00014968642406618636,0.025403689862026003,0.011977105183999831,0.013426584678026172,169.71271790682457,0.013445886183950132,yolo26l;yolo26s
yolo26m,10,C2PSA,1a2060609098eae8,"C2PSA[512->256,p=988160]@1x512x20x20",1,0.000486876786017733,0.062416446402968,0.01874453403006078,0.04367191237290722,128.19762246930102,0.03303632027075927,yolo26s
yolo26m,11,Upsample,f2bd84b1cf0e5086,"Upsample[x2.0,nearest]@1x512x20x20",1,1.0859562468356649e-05,0.0022791023320621624,0.001305020440819744,0.0009740818912424184,209.8705485329791,0.0012063031285975234,yolo26l;yolo26s
yolo26m,12,Concat,09590a79613b3a3b,Concat[d=1]@1x512x40x40+1x512x40x40,1,2.6020136633813423e-05,0.005889859321919294,0.003555903052824171,0.0023339562690951232,226.35773996149445,0.003117436030440052,yolo26l
yolo26m,13,C3k2,f8ee34e3c66963dc,"C3k2[1024->128,p=1640448]@1x1024x40x40",1,0.0004846900599907505,0.10839766195879526,0.06492189470961644,0.043475767249178815,223.64325350691914,0.05737365844175925,
yolo26m,14,Upsample,8b039439e1af6674,"Upsample[x2.0,nearest]@1x512x40x40",1,3.4595579816019196e-05,0.009302697841781045,0.006199540793418341,0.0031031570483627036,268.8984515147079,0.004923812921021497,yolo26l
yolo26m,15,Concat,96c7f9427dfced2c,Concat[d=1]@1x512x80x80+1x512x80x80,1,9.646772961393303e-05,0.023387753528283466,0.014734783504858387,0.008652970023425079,242.44121450646773,0.012378873846576632,yolo26l
yolo26m,16,C3k2,bb9901797e09b1cd,"C3k2[1024->64,p=541696]@1x1024x80x80",1,0.0005046389673851371,0.14792939277908027,0.1026642468602206,0.045265145918859655,293.13906047644065,0.07829735717021295,
yolo26m,17,Conv,8db2c8e048a70901,"Conv[256->256,k3,s2]@1x256x80x80",1,9.665851250358084e-05,0.028691410617104722,0.02002132773498885,0.008670082882115872,296.8327348927681,0.015186039654469375,yolo26l;yolo26s
yolo26m,18,Concat,d3902b4375aba7ef,Concat[d=1]@1x256x40x40+1x512x40x40,1,1.7102999617559822e-05,0.003947079810394236,0.0024129736010570467,0.0015341062093371892,230.7828976585914,0.0020891447729749504,yolo26l
yolo26m,19,C3k2,02c18614eaf13f0d,"C3k2[768->128,p=1509376]@1x768x40x40",1,0.0004853197022390514,0.10695064252364302,0.06341839757438943,0.04353224494925359,220.37152423489061,0.05660776739456516,
yolo26m,20,Conv,e4ef9ed73247fe48,"Conv[512->512,k3,s2]@1x512x40x40",1,0.00011354698306171188,0.03403465335426912,0.023849707107317736,0.010184946246951383,299.74071029057245,0.01801415769902658,yolo26l
yolo26m,21,Concat,2790e6163326a31a,Concat[d=1]@1x512x20x20+1x512x20x20,1,1.0717540598091814e-05,0.0013642715450231367,0.00040292874270704136,0.0009613428023160953,127.29334053243858,0.0007220935233429877,yolo26l
yolo26m,22,C3k2,2b41d5bf3e606cd5,"C3k2[1024->256,p=1971584]@1x1024x20x20",1,0.0006515199521961165,0.09219824308310921,0.03375815499792131,0.058440088085187906,141.512539673315,0.04879948895568772,yolo26l
yolo26m,23,Detect,3d1a9c8e3f245ae1,"Detect[nc=80,e2e]@1x256x80x80+1x512x40x40+1x512x20x20",1,0.0013646236606805937,0.266260071253574,0.14385595045191357,0.12240412080166042,195.11611803709982,0.14092844908950114,yolo26l
yolo26l,0,Conv,7c444c1e370f89b1,"Conv[3->64,k3,s2]@1x3x640x640",1,0.0002658309145130311,0.07714121022149314,0.05329668787410801,0.023844522347385134,290.1890111720308,0.03147993391692389,yolo26m
yolo26l,1,Conv,267db7ddf7d6fb13,"Conv[64->128,k3,s2]@1x64x320x320",1,0.00030423453195085084,0.09069150033372052,0.06340224727887045,0.02728925305485006,298.09732561316133,0.037009562452220264,yolo26m
yolo26l,2,C3k2,4f37f54153023dca,"C3k2[128->32,p=172928]@1x128x160x160",1,0.0012310201418156287,0.36292320945390244,0.252503067630386,0.11042014182351646,294.8150051538782,0.14810240360143573,
yolo26l,3,Conv,955291a5cd198354,"Conv[256->256,k3,s2]@1x256x160x160",1,0.000342759819790412,0.10139991788128959,0.07065502051767789,0.030744897363611707,295.8337355390512,0.04137947414772514,yolo26m
yolo26l,4,C3k2,858ae514a830d9e5,"C3k2[256->64,p=689920]@1x256x80x80",1,0.0008404707065634549,0.22013229572103424,0.14474368796001902,0.07538860776101523,261.91548854940896,0.08983201199957494,
yolo26l,5,Conv,3040cb2cd52f54a7,"Conv[512->512,k3,s2]@1x512x80x80",1,0.00039944294555644544,0.1193357319893135,0.08350646713773015,0.03582926485158336,298.7553875136596,0.048698755777422845,yolo26m
yolo26l,6,C3k2,b1940297e84740c5,"C3k2[512->128,p=2231296]@1x512x40x40",1,0.0008540451372783702,0.17064859748727748,0.09404238936880284,0.07660620811847464,199.81215282261567,0.06963860894184529,
yolo26l,7,Conv,e4ef9ed73247fe48,"Conv[512->512,k3,s2]@1x512x40x40",1,0.00011354698306171188,0.03403465335426912,0.023849707107317736,0.010184946246951383,299.74071029057245,0.013888927013220325,yolo26m
yolo26l,8,C3k2,177064cd8af27649,"C3k2[512->128,p=2231296]@1x512x20x20",1,0.000876126654482931,0.11423306280961319,0.03564618501841503,0.07858687779119816,130.38418843338445,0.04661644869258877,
yolo26l,9,SPPF,0b9d579e9870afc2,"SPPF[512->512,p=656128]@1x512x20x20",1,0.00014968642406618636,0.025403689862026003,0.011977105183999831,0.013426584678026172,169.71271790682457,0.01036678677721591,yolo26m;yolo26s
yolo26l,10,C2PSA,2d3e977226ad7f80,"C2PSA[512->256,p=1451008]@1x512x20x20",1,0.0008780520626769879,0.10941795281258293,0.03065836960525538,0.07875958320732755,124.61442488841907,0.04465148931388564,
yolo26l,11,Upsample,f2bd84b1cf0e5086,"Upsample[x2.0,nearest]@1x512x20x20",1,1.0859562468356649e-05,0.0022791023320621624,0.001305020440819744,0.0009740818912424184,209.8705485329791,0.0009300604773664035,yolo26m;yolo26s
yolo26l,12,Concat,09590a79613b3a3b,Concat[d=1]@1x512x40x40+1x512x40x40,1,2.6020136633813423e-05,0.005889859321919294,0.003555903052824171,0.0023339562690951232,226.35773996149445,0.002403545157013077,yolo26m
yolo26l,13,C3k2,522cc5f6b7d6f960,"C3k2[1024->128,p=2493440]@1x1024x40x40",1,0.000852488620525038,0.17585586822178156,0.09938927666587602,0.07646659155590554,206.28529693859602,0.07176360203100021,
yolo26l,14,Upsample,8b039439e1af6674,"Upsample[x2.0,nearest]@1x512x40x40",1,3.4595579816019196e-05,0.009302697841781045,0.006199540793418341,0.0031031570483627036,268.8984515147079,0.003796262885525539,yolo26m
yolo26l,15,Concat,96c7f9427dfced2c,Concat[d=1]@1x512x80x80+1x512x80x80,1,9.646772961393303e-05,0.023387753528283466,0.014734783504858387,0.008652970023425079,242.44121450646773,0.009544119588242264,yolo26m
yolo26l,16,C3k2,a37365a562cf9276,"C3k2[1024->64,p=755200]@1x1024x80x80",1,0.0008434731696016658,0.20586284162374532,0.13020491869619663,0.0756579229275487,244.06566686758399,0.08400890563757393,
yolo26l,17,Conv,8db2c8e048a70901,"Conv[256->256,k3,s2]@1x256x80x80",1,9.665851250358084e-05,0.028691410617104722,0.02002132773498885,0.008670082882115872,296.8327348927681,0.011708446206851623,yolo26m;yolo26s
yolo26l,18,Concat,d3902b4375aba7ef,Concat[d=1]@1x256x40x40+1x512x40x40,1,1.7102999617559822e-05,0.003947079810394236,0.0024129736010570467,0.0015341062093371892,230.7828976585914,0.0016107319452115017,yolo26m
yolo26l,19,C3k2,59ba69bc43335043,"C3k2[768->128,p=2362368]@1x768x40x40",1,0.0008494198332483229,0.17605264057534065,0.09986131334274773,0.07619132723259292,207.26222026401953,0.07184390127272758,
yolo26l,20,Conv,e4ef9ed73247fe48,"Conv[512->512,k3,s2]@1x512x40x40",1,0.00011354698306171188,0.03403465335426912,0.023849707107317736,0.010184946246951383,299.74071029057245,0.013888927013220325,yolo26m
yolo26l,21,Concat,2790e6163326a31a,Concat[d=1]@1x512x20x20+1x512x20x20,1,1.0717540598091814e-05,0.0013642715450231367,0.00040292874270704136,0.0009613428023160953,127.29334053243858,0.000556734564557065,yolo26m
yolo26l,22,C3k2,2b41d5bf3e606cd5,"C3k2[1024->256,p=1971584]@1x1024x20x20",1,0.0006515199521961165,0.09219824308310921,0.03375815499792131,0.058440088085187906,141.512539673315,0.03762443694076368,yolo26m
yolo26l,23,Detect,3d1a9c8e3f245ae1,"Detect[nc=80,e2e]@1x256x80x80+1x512x40x40+1x512x20x20",1,0.0013646236606805937,0.266260071253574,0.14385595045191357,0.12240412080166042,195.11611803709982,0.10865592364588803,yolo26m
yolo26x,0,Conv,37e8e2b2ab1c7cc7,"Conv[3->96,k3,s2]@1x3x640x640",1,0.0004013485306437318,0.1187079255581954,0.08270773338507804,0.036000192173117354,295.77266763079245,0.03046071462123387,
yolo26x,1,Conv,5411b03f9925acdd,"Conv[96->192,k3,s2]@1x96x320x320",1,0.0005222036429322324,0.15623355297541822,0.10939288940326189,0.046840663572156334,299.1812774383365,0.04008987309876451,
yolo26x,2,C3k2,885bed882a36071a,"C3k2[192->48,p=388416]@1x192x160x160",1,0.0020755414455410647,0.6201575228561983,0.43398544248778825,0.18617208036841001,298.79312898737703,0.15913378348670681,
yolo26x,3,Conv,b2529c4ff6ad87b9,"Conv[384->384,k3,s2]@1x384x160x160",1,0.0005469463955699504,0.16266155699271043,0.11360151604194235,0.04906004095076807,297.39944958080855,0.041739313058515914,
yolo26x,4,C3k2,50abafa706768a9e,"C3k2[384->96,p=1550976]@1x384x80x80",1,0.0013074739640500366,0.3915133928574872,0.27423549005402276,0.11727790280346444,299.4425920687046,0.10046319716349894,
yolo26x,5,Conv,0f87b7191fcf4eff,"Conv[768->768,k3,s2]@1x768x80x80",1,0.0008872488859404813,0.2655766773168864,0.18599215673072522,0.07958452058616115,299.3260194802903,0.06814755914371796,
yolo26x,6,C3k2,8d889dae7706ac23,"C3k2[768->192,p=5018112]@1x768x40x40",1,0.0008410844756131399,0.2369330968052617,0.16148943513959374,0.07544366166566796,281.69952445328454,0.06079755342512591,
yolo26x,7,Conv,a3aa0769f24a9244,"Conv[768->768,k3,s2]@1x768x40x40",1,0.0002147766947490045,0.06396431949073866,0.04469926257656585,0.019265056914172816,297.81778495795174,0.016413384976503815,
yolo26x,8,C3k2,188339fa9e1677ac,"C3k2[768->192,p=5018112]@1x768x20x20",1,0.0008543780330936285,0.13517476394708577,0.05853869571350444,0.07663606823358134,158.21423153592764,0.034686141546347374,
yolo26x,9,SPPF,219d9946c5da7b4b,"SPPF[768->768,p=1475712]@1x768x20x20",1,0.00014661490881705724,0.033540440738609394,0.020389365077780705,0.013151075660828689,228.765553307136,0.008606550816258057,
yolo26x,10,C2PSA,e6804a1aba132fb1,"C2PSA[768->384,p=3257856]@1x768x20x20",1,0.0008726103818491257,0.12925922059730763,0.05098774570629458,0.07827147489101305,148.1293636724764,0.03316820012028149,
yolo26x,11,Upsample,1e517c06df7906ac,"Upsample[x2.0,nearest]@1x768x20x20",1,1.1085473040691334e-05,0.0030443433167678144,0.0020499976811809402,0.0009943456355868744,274.6245744852722,0.0007811851866256697,
yolo26x,12,Concat,5be9cf6da979640e,Concat[d=1]@1x768x40x40+1x768x40x40,1,3.763147011729843e-05,0.008775816024811058,0.005400345448634366,0.0033754705761766925,233.2041771808695,0.002251893681430486,
yolo26x,13,C3k2,b3db100a7ec7743a,"C3k2[1536->192,p=5607936]@1x1536x40x40",1,0.0008412414628869284,0.24980764676120515,0.17434990363866465,0.0754577431225405,296.95118201131976,0.06410119124240507,
yolo26x,14,Upsample,e7a01537ec9be34e,"Upsample[x2.0,nearest]@1x768x40x40",1,5.063609857824127e-05,0.01382952992964242,0.009287569163547687,0.004541960766094734,273.11602429783323,0.0035486877776002663,
yolo26x,15,Concat,e985a0ea97e228a5,Concat[d=1]@1x768x80x80+1x768x80x80,1,0.00014383705789270843,0.034340701875090425,0.021438794105681273,0.01290190776940915,238.7472489927178,0.008811899582873161,
yolo26x,16,C3k2,d9d4b8b098d92f49,"C3k2[1536->96,p=1698048]@1x1536x80x80",1,0.0011154492340940338,0.33258547486206674,0.2325318214393569,0.10005365342270983,298.1628071421755,0.08534216388083073,
yolo26x,17,Conv,0625a7bd42405671,"Conv[384->384,k3,s2]@1x384x80x80",1,0.0001912961703503809,0.05712460821048627,0.03996570922672924,0.017158898983757026,298.6186712774019,0.014658300028133923,
yolo26x,18,Concat,db0e7eac0d503c9c,Concat[d=1]@1x384x40x40+1x768x40x40,1,2.903592080083043e-05,0.006687509433599565,0.004083043118308132,0.002604466315291433,230.3184899653088,0.0017160296199752953,
yolo26x,19,C3k2,a0fa756be2ee48ca,"C3k2[1152->192,p=5313024]@1x1152x40x40",1,0.0008431340264894644,0.24573793803977548,0.17011043559786768,0.0756275024419078,291.45774019220676,0.06305689503916426,
yolo26x,20,Conv,a3aa0769f24a9244,"Conv[768->768,k3,s2]@1x768x40x40",1,0.0002147766947490045,0.06396431949073866,0.04469926257656585,0.019265056914172816,297.81778495795174,0.016413384976503815,
yolo26x,21,Concat,5c63213e3fb98b48,Concat[d=1]@1x768x20x20+1x768x20x20,1,1.072952084271128e-05,0.0014438860223834201,0.0004814686151400564,0.0009624174072433637,134.5713423320551,0.0003705043270413163,
yolo26x,22,C3k2,61bcbf1a1a8e65ef,"C3k2[1536->384,p=4431936]@1x1536x20x20",1,0.0006493763926743376,0.11276140350889587,0.05451358859484623,0.058247814914049637,173.645677269709,0.028934823992778837,
yolo26x,23,Detect,bdc2e87a75477320,"Detect[nc=80,e2e]@1x384x80x80+1x768x40x40+1x768x20x20",1,0.001693974086493052,0.4532571041979228,0.3013108829118546,0.1519462212860682,267.57027029632894,0.11630676920768253,
